word,syllable_count,word_length,vowel_sign_count,consonant_cluster,freq_rank,rare_consonant,difficulty,error_type
ං,0,1,0,0,361,0,1,unfamiliar
අං,0,2,0,0,172,0,0,none
අංක,1,3,0,1,361,0,1,unfamiliar
අංශය,2,4,0,1,694,1,1,unfamiliar
අක්කා,2,5,1,1,361,0,1,unfamiliar
අක්කාගේ,3,7,2,1,361,0,1,vowel_sign
අක්ෂර,3,5,0,2,361,1,1,unfamiliar
අකිල,2,4,1,1,694,0,1,vowel_sign
අකුරු,2,5,2,1,97,0,0,none
අකුලේ,2,5,2,1,694,0,1,vowel_sign
අගේ,1,3,1,1,232,0,1,vowel_sign
අඩිතාලම,4,7,2,1,694,0,1,long_word
අඩුයි,2,5,2,1,694,0,1,vowel_sign
අත,1,2,0,1,694,0,1,unfamiliar
අතගානවා,4,7,2,1,361,0,1,long_word
අතට,2,3,0,1,694,0,1,unfamiliar
අතර,2,3,0,1,232,0,0,none
අත්,1,3,0,1,232,0,0,none
අත්තක,3,5,0,1,232,0,0,none
අත්තටු,3,6,1,1,694,0,1,unfamiliar
අත්තම්මයි,5,9,1,1,694,0,1,long_word
අත්තේ,2,5,1,1,361,0,1,vowel_sign
අත්දැකීම්,4,9,2,2,694,0,1,long_word
අත්පුඩි,3,7,2,2,232,0,1,vowel_sign
අත්පොඩි,3,7,2,2,694,0,1,vowel_sign
අති,1,3,1,1,694,0,1,vowel_sign
අතින්,2,5,1,1,694,0,1,vowel_sign
අතුවලනේ,4,7,2,1,694,0,1,long_word
අතේ,1,3,1,1,694,0,1,vowel_sign
අද,1,2,0,1,97,0,0,none
අදමයි,3,5,1,1,694,0,1,vowel_sign
අදයි,2,4,1,1,694,0,1,vowel_sign
අදහස,3,4,0,1,694,0,1,unfamiliar
අදහස්,3,5,0,1,694,0,1,unfamiliar
අධ්‍යක්ෂ,4,8,0,2,694,1,1,long_word
අධ්‍යාපන,4,8,1,2,15,1,1,long_word
අධ්‍යාපනය,5,9,1,2,694,1,1,long_word
අධ්‍යාපනයක්,6,11,1,2,694,1,1,long_word
අධ්‍යාපනයේ,5,10,2,2,232,1,1,long_word
අධීක්ෂණය,5,8,1,2,694,1,1,long_word
අන්තිම,3,6,1,2,694,0,1,vowel_sign
අන්න,2,4,0,1,127,0,0,none
අන්සතු,3,6,1,2,694,0,1,unfamiliar
අන්‍යෝන්‍ය,4,10,1,2,694,0,1,long_word
අනාගත,3,5,1,1,694,0,1,unfamiliar
අනාගතයක්,5,8,1,1,694,0,1,long_word
අනුප්‍රාණේ,4,10,3,2,694,0,1,long_word
අනුර,2,4,1,1,694,0,1,unfamiliar
අනුව,2,4,1,1,694,0,1,unfamiliar
අනුසාරයෙන්,5,10,3,1,694,0,1,long_word
අනූවයි,3,6,2,1,694,0,1,vowel_sign
අනෙක්,2,5,1,1,694,0,1,vowel_sign
අනේ,1,3,1,1,172,0,1,vowel_sign
අප,1,2,0,1,24,0,0,none
අපගේ,2,4,1,1,361,0,1,vowel_sign
අපට,2,3,0,1,97,0,0,none
අපහට,3,4,0,1,694,0,1,unfamiliar
අපි,1,3,1,1,7,0,1,vowel_sign
අපිට,2,4,1,1,694,0,1,vowel_sign
අපිත්,2,5,1,1,172,0,1,vowel_sign
අපියි,2,5,2,1,694,0,1,vowel_sign
අපූරු,2,5,2,1,694,0,1,unfamiliar
අපේ,1,3,1,1,53,0,1,vowel_sign
අපේක්ෂා,3,7,2,2,694,1,1,vowel_sign
අපේක්ෂිත,4,8,2,2,361,1,1,long_word
අබ්බෝව,3,6,1,1,694,0,1,vowel_sign
අමතක,3,4,0,1,694,0,1,unfamiliar
අම්මගෙන්,4,8,1,1,694,0,1,long_word
අම්මයි,3,6,1,1,232,0,1,vowel_sign
අම්මලා,3,6,1,1,694,0,1,unfamiliar
අම්මා,2,5,1,1,8,0,0,none
අම්මාගේ,3,7,2,1,694,0,1,vowel_sign
අම්මාට,3,6,1,1,172,0,0,none
අම්මාටයි,4,8,2,1,694,0,1,long_word
අම්මේ,2,5,1,1,97,0,1,vowel_sign
අමාත්‍ය,3,7,1,2,694,0,1,unfamiliar
අමාත්‍යතුමාගේ,6,13,4,2,694,0,1,long_word
අමු,1,3,1,1,694,0,1,unfamiliar
අමුණා,2,5,2,1,694,0,1,unfamiliar
අමුතු,2,5,2,1,232,0,0,none
අඹ,1,2,0,1,694,1,1,unfamiliar
අය,1,2,0,1,694,0,1,unfamiliar
අයත්,2,4,0,1,694,0,1,unfamiliar
අයහපත්,4,6,0,1,694,0,1,long_word
අයි,1,3,1,1,361,0,1,vowel_sign
අයියා,2,5,2,1,232,0,1,vowel_sign
අයියේ,2,5,2,1,361,0,1,vowel_sign
අයුරින්,3,7,2,1,694,0,1,vowel_sign
අර,1,2,0,1,42,0,0,none
අරගෙන,3,5,1,1,694,0,1,vowel_sign
අරන්,2,4,0,1,172,0,0,none
අරමුණ,3,5,1,1,694,0,1,unfamiliar
අරමුණයි,4,7,2,1,694,0,1,long_word
අරමුණු,3,6,2,1,361,0,1,unfamiliar
අරමුණෙනි,4,8,3,1,694,0,1,long_word
අරඹන්නේ,4,7,1,1,694,1,1,long_word
අර්,1,3,0,1,694,0,1,unfamiliar
අර්ථවත්,4,7,0,2,694,1,1,long_word
අරින්න,3,6,1,1,694,0,1,vowel_sign
අරිමින්,3,7,2,1,694,0,1,vowel_sign
අලව්ව,3,5,0,1,694,0,1,unfamiliar
අලවා,2,4,1,1,361,0,1,unfamiliar
අල්ලා,2,5,1,1,361,0,1,unfamiliar
අලි,1,3,1,1,232,0,1,vowel_sign
අලුත්,2,5,1,1,24,0,0,none
අවදි,2,4,1,1,694,0,1,vowel_sign
අවධානයෙන්,5,9,2,1,694,1,1,long_word
අවධාරණය,5,7,1,1,694,1,1,long_word
අවධිය,3,5,1,1,694,1,1,vowel_sign
අවධියේ,3,6,2,1,694,1,1,vowel_sign
අවබෝධය,4,6,1,1,694,1,1,long_word
අවවාද,3,5,1,1,694,0,1,unfamiliar
අවශ්‍ය,3,6,0,2,694,1,1,unfamiliar
අවශ්‍යතා,4,8,1,2,694,1,1,long_word
අවසන්,3,5,0,1,694,0,1,unfamiliar
අවස්ථා,3,6,1,2,361,1,1,unfamiliar
අවස්ථාව,4,7,1,2,694,1,1,long_word
අවුරුදු,3,7,3,1,74,0,0,none
අසිරිය,3,6,2,1,694,0,1,vowel_sign
අසූ,1,3,1,1,694,0,1,unfamiliar
අහනවා,3,5,1,1,694,0,1,unfamiliar
අහන්න,3,5,0,1,694,0,1,unfamiliar
අහස,2,3,0,1,694,0,1,unfamiliar
අහසක්,3,5,0,1,694,0,1,unfamiliar
අහසට,3,4,0,1,694,0,1,unfamiliar
අහස්,2,4,0,1,361,0,1,unfamiliar
අහසේ,2,4,1,1,97,0,1,vowel_sign
අහුලා,2,5,2,1,694,0,1,unfamiliar
ආකාරයට,4,6,1,1,361,0,1,long_word
ආකාසේ,2,5,2,1,694,0,1,vowel_sign
ආචාරශීලී,4,8,3,1,694,1,1,long_word
ආචාර්ය,3,6,1,2,694,0,1,unfamiliar
ආඩම්බරයෙන්,6,10,1,2,694,0,1,long_word
ආදරය,3,4,0,1,694,0,1,unfamiliar
ආදරයෙන්,4,7,1,1,232,0,1,long_word
ආදර්ශ,3,5,0,2,694,1,1,unfamiliar
ආයතනය,4,5,0,1,694,0,1,long_word
ආයුබොවන්,4,8,2,1,694,0,1,long_word
ආයුබෝවන්,4,8,2,1,694,0,1,long_word
ආයෙත්,2,5,1,1,232,0,1,vowel_sign
ආයෙමත්,3,6,1,1,694,0,1,vowel_sign
ආරම්භ,3,5,0,2,361,0,1,unfamiliar
ආරම්භක,4,6,0,2,232,0,1,long_word
ආර්,1,3,0,1,694,0,1,unfamiliar
ආලෝකේ,2,5,2,1,694,0,1,vowel_sign
ආවා,1,3,1,1,15,0,0,none
ආවේ,1,3,1,1,694,0,1,vowel_sign
ආසයි,2,4,1,1,74,0,1,vowel_sign
ආසාවෙන්,3,7,2,1,694,0,1,vowel_sign
ඇත,1,2,0,1,232,0,0,none
ඇත්තේ,2,5,1,1,232,0,1,vowel_sign
ඇති,1,3,1,1,19,0,1,vowel_sign
ඇතිව,2,4,1,1,694,0,1,vowel_sign
ඇතුළට,3,5,1,1,694,0,1,unfamiliar
ඇතුළු,2,5,2,1,694,0,1,unfamiliar
ඇතුළෙන්,3,7,2,1,694,0,1,vowel_sign
ඇතුළේ,2,5,2,1,694,0,1,vowel_sign
ඇතෙක්,2,5,1,1,694,0,1,vowel_sign
ඇදෙනවා,3,6,2,1,694,0,1,vowel_sign
ඇදෙමූ,2,5,2,1,694,0,1,vowel_sign
ඇන්දා,2,5,1,2,361,0,1,unfamiliar
ඇඳ,1,2,0,1,232,1,1,consonant_confusion
ඇඳගත්,3,5,0,1,361,1,1,unfamiliar
ඇඳුමක්,3,6,1,1,694,1,1,unfamiliar
ඇඳුම්,2,5,1,1,694,1,1,unfamiliar
ඇයි,1,3,1,1,694,0,1,vowel_sign
ඇරඹුවා,3,6,2,1,694,1,1,unfamiliar
ඇලෙවුවා,3,7,3,1,694,0,1,vowel_sign
ඇවරිණි,3,6,2,1,694,0,1,vowel_sign
ඇවිද්දා,3,7,2,1,694,0,1,vowel_sign
ඇවිදීමෙන්,4,9,3,1,694,0,1,long_word
ඇස,1,2,0,1,232,0,0,none
ඇස්,1,3,0,1,361,0,1,unfamiliar
ඇසුණා,2,5,2,1,361,0,1,unfamiliar
ඇසුරින්,3,7,2,1,694,0,1,vowel_sign
ඇසුරෙන්,3,7,2,1,361,0,1,vowel_sign
ඇසුවා,2,5,2,1,232,0,0,none
ඇසෙන්නේ,3,7,2,1,694,0,1,vowel_sign
ඇහුණා,2,5,2,1,694,0,1,unfamiliar
ඇහුම්කන්,4,8,1,2,694,0,1,long_word
ඇහුවා,2,5,2,1,127,0,0,none
ඇළ,1,2,0,1,694,0,1,unfamiliar
ඇළේ,1,3,1,1,694,0,1,vowel_sign
ඈත,1,2,0,1,361,0,1,unfamiliar
ඈතට,2,3,0,1,694,0,1,unfamiliar
ඈතින්,2,5,1,1,694,0,1,vowel_sign
ඉක්මනට,4,6,0,2,694,0,1,long_word
ඉගැන්වීම්,4,9,2,2,694,0,1,long_word
ඉගිළී,2,5,2,1,694,0,1,vowel_sign
ඉගිළුණා,3,7,3,1,694,0,1,vowel_sign
ඉගෙන,2,4,1,1,361,0,1,vowel_sign
ඉගෙනුම්,3,7,2,1,694,0,1,vowel_sign
ඉඩ,1,2,0,1,694,0,1,unfamiliar
ඉඩක,2,3,0,1,694,0,1,unfamiliar
ඉඩක්,2,4,0,1,694,0,1,unfamiliar
ඉතා,1,3,1,1,232,0,0,none
ඉතින්,2,5,1,1,361,0,1,vowel_sign
ඉදිරිපත්,4,8,2,1,694,0,1,long_word
ඉදිරියට,4,7,2,1,694,0,1,long_word
ඉදිරියෙන්,4,9,3,1,361,0,1,long_word
ඉදිරියේ,3,7,3,1,694,0,1,vowel_sign
ඉදිලා,2,5,2,1,694,0,1,vowel_sign
ඉන්න,2,4,0,1,127,0,0,none
ඉන්නට,3,5,0,1,694,0,1,unfamiliar
ඉන්නවා,3,6,1,1,361,0,1,unfamiliar
ඉඳන්,2,4,0,1,361,1,1,unfamiliar
ඉඳලා,2,4,1,1,694,1,1,unfamiliar
ඉර,1,2,0,1,97,0,0,none
ඉවර,2,3,0,1,694,0,1,unfamiliar
ඉවුරට,3,5,1,1,694,0,1,unfamiliar
ඉවුරේ,2,5,2,1,694,0,1,vowel_sign
ඉස්කෝලෙට,4,8,2,2,694,0,1,long_word
ඉස්කෝලේ,3,7,2,2,361,0,1,vowel_sign
ඉසුරුපාය,4,8,3,1,694,0,1,long_word
ඉහලා,2,4,1,1,694,0,1,unfamiliar
ඉහළ,2,3,0,1,361,0,1,unfamiliar
ඉහෙනවා,3,6,2,1,694,0,1,vowel_sign
ඊට,1,2,0,1,232,0,0,none
ඊයේ,1,3,1,1,694,0,1,vowel_sign
ඊළඟට,3,4,0,1,694,1,1,unfamiliar
උච්චාරණය,5,8,1,1,694,0,1,long_word
උඩ,1,2,0,1,53,0,0,none
උඩට,2,3,0,1,361,0,1,unfamiliar
උඩින්,2,5,1,1,232,0,1,vowel_sign
උත්සවය,4,6,0,2,694,0,1,long_word
උතුරා,2,5,2,1,694,0,1,unfamiliar
උදය,2,3,0,1,232,0,0,none
උදව්වෙන්,4,8,1,1,694,0,1,long_word
උදවු,2,4,1,1,361,0,1,unfamiliar
උදාකර,3,5,1,1,694,0,1,unfamiliar
උදෑසන,3,5,1,1,694,0,1,vowel_sign
උදේ,1,3,1,1,232,0,1,vowel_sign
උන්,1,3,0,1,232,0,0,none
උඳුපියළිය,5,9,3,1,694,1,1,long_word
උපදෙස්,3,6,1,1,694,0,1,vowel_sign
උපදේශක,4,6,1,1,694,1,1,long_word
උපන්,2,4,0,1,232,0,0,none
උයන,2,3,0,1,694,0,1,unfamiliar
උයනට,3,4,0,1,694,0,1,unfamiliar
උයලා,2,4,1,1,694,0,1,unfamiliar
උස,1,2,0,1,232,0,0,none
උළුවස්ස,4,7,1,1,694,0,1,long_word
උළුවස්සේ,4,8,2,1,694,0,1,long_word
ඌව,1,2,0,1,361,0,1,unfamiliar
එක,1,2,0,1,24,0,0,none
එකක්,2,4,0,1,694,0,1,unfamiliar
එකට,2,3,0,1,361,0,1,unfamiliar
එකතු,2,4,1,1,232,0,0,none
එකපාරට,4,6,1,1,694,0,1,long_word
එකමුතුකම,5,8,2,1,361,0,1,long_word
එකවර,3,4,0,1,361,0,1,unfamiliar
එක්,1,3,0,1,361,0,1,unfamiliar
එක්ක,2,4,0,1,127,0,0,none
එකෙන්,2,5,1,1,694,0,1,vowel_sign
එකෝමත්,3,6,1,1,694,0,1,vowel_sign
එගොඩ,2,4,1,1,361,0,1,vowel_sign
එතැනට,3,5,1,1,694,0,1,vowel_sign
එද්දී,2,5,1,1,694,0,1,vowel_sign
එදා,1,3,1,1,361,0,1,unfamiliar
එදිනෙදා,3,7,3,1,694,0,1,vowel_sign
එන,1,2,0,1,361,0,1,unfamiliar
එනවා,2,4,1,1,60,0,0,none
එන්,1,3,0,1,694,0,1,unfamiliar
එන්න,2,4,0,1,24,0,0,none
එන්නම්,3,6,0,1,694,0,1,unfamiliar
එන්නේ,2,5,1,1,361,0,1,vowel_sign
එපා,1,3,1,1,60,0,0,none
එම,1,2,0,1,694,0,1,unfamiliar
එම්,1,3,0,1,172,0,0,none
එයත්,2,4,0,1,694,0,1,unfamiliar
එයා,1,3,1,1,361,0,1,unfamiliar
එයි,1,3,1,1,694,0,1,vowel_sign
එල්ලුවා,3,7,2,1,694,0,1,unfamiliar
එල්ලේ,2,5,1,1,694,0,1,vowel_sign
එවිට,2,4,1,1,694,0,1,vowel_sign
එස්,1,3,0,1,694,0,1,unfamiliar
එහා,1,3,1,1,694,0,1,unfamiliar
එහාට,2,4,1,1,361,0,1,unfamiliar
එහි,1,3,1,1,361,0,1,vowel_sign
එහෙට,2,4,1,1,694,0,1,vowel_sign
එහෙම,2,4,1,1,694,0,1,vowel_sign
එළවළු,3,5,1,1,232,0,0,none
එළිය,2,4,1,1,694,0,1,vowel_sign
එළියට,3,5,1,1,172,0,1,vowel_sign
එළෙවුවා,3,7,3,1,694,0,1,vowel_sign
ඒක,1,2,0,1,97,0,0,none
ඒත්,1,3,0,1,232,0,0,none
ඔංචිල්ලා,3,8,2,1,694,0,1,vowel_sign
ඔංචිල්ලාවක්,5,11,2,1,694,0,1,long_word
ඔංචිලි,2,6,2,1,172,0,1,vowel_sign
ඔක්කොම,3,6,1,1,694,0,1,vowel_sign
ඔටුන්නක්,4,8,1,1,694,0,1,long_word
ඔන්චිලි,3,7,2,2,694,0,1,vowel_sign
ඔබ,1,2,0,1,42,0,0,none
ඔබේ,1,3,1,1,694,0,1,vowel_sign
ඔය,1,2,0,1,694,0,1,unfamiliar
ඔයත්,2,4,0,1,694,0,1,unfamiliar
ඔයාගෙ,2,5,2,1,694,0,1,vowel_sign
ඔව්,1,3,0,1,127,0,0,none
ඔවුන්,2,5,1,1,361,0,1,unfamiliar
ඔවුන්ට,3,6,1,2,361,0,1,unfamiliar
ඔසවා,2,4,1,1,694,0,1,unfamiliar
ඔළුව,2,4,1,1,361,0,1,unfamiliar
ඕන,1,2,0,1,694,0,1,unfamiliar
ඕනෑ,1,3,1,1,694,0,1,vowel_sign
ක,1,1,0,1,232,0,0,none
කංකුං,2,5,1,1,694,0,1,unfamiliar
කකුලක,4,5,1,1,694,0,1,long_word
කකුල්,3,5,1,1,361,0,1,unfamiliar
කජු,2,3,1,1,694,0,1,unfamiliar
කට,2,2,0,1,361,0,1,unfamiliar
කටු,2,3,1,1,694,0,1,unfamiliar
කටුවාන,4,6,2,1,694,0,1,long_word
කඩදාසි,4,6,2,1,361,0,1,long_word
කඩදාසිය,5,7,2,1,694,0,1,long_word
කඩන්න,4,5,0,1,361,0,1,long_word
කඩලා,3,4,1,1,694,0,1,unfamiliar
කඩා,2,3,1,1,361,0,1,unfamiliar
කඩෙන්,3,5,1,1,694,0,1,vowel_sign
කඩේ,2,3,1,1,361,0,1,vowel_sign
කඩේට,3,4,1,1,694,0,1,vowel_sign
කතන්දර,5,6,0,2,53,0,1,long_word
කතන්දරය,6,7,0,2,694,0,1,long_word
කතන්දරයක්,7,9,0,2,232,0,1,long_word
කතා,2,3,1,1,127,0,0,none
කතාබහ,4,5,1,1,694,0,1,long_word
කතාව,3,4,1,1,172,0,0,none
කතිර,3,4,1,1,694,0,1,vowel_sign
කතුරෙන්,4,7,2,1,694,0,1,long_word
කථා,2,3,1,1,361,1,1,unfamiliar
කථිකාචාර්ය,6,10,3,2,232,1,1,long_word
කනවා,3,4,1,1,694,0,1,unfamiliar
කන්,2,3,0,1,694,0,1,unfamiliar
කන්ද,3,4,0,2,694,0,1,unfamiliar
කන්න,3,4,0,1,127,0,0,none
කන්නට,4,5,0,1,694,0,1,long_word
කනේ,2,3,1,1,694,0,1,vowel_sign
කපන්න,4,5,0,1,694,0,1,long_word
කපා,2,3,1,1,361,0,1,unfamiliar
කබුලුමුල්ල,6,10,3,1,694,0,1,long_word
කම්මැළියි,5,9,3,1,694,0,1,long_word
කඹය,3,3,0,1,694,1,1,unfamiliar
කර,2,2,0,1,53,0,0,none
කරදරයක්,6,7,0,1,694,0,1,long_word
කරන,3,3,0,1,232,0,0,none
කරනවා,4,5,1,1,694,0,1,long_word
කරන්,3,4,0,1,694,0,1,unfamiliar
කරන්න,4,5,0,1,74,0,1,long_word
කරන්නේ,4,6,1,1,694,0,1,long_word
කරනු,3,4,1,1,694,0,1,unfamiliar
කරපිංචා,4,7,2,1,694,0,1,long_word
කරමින්,4,6,1,1,694,0,1,long_word
කරමු,3,4,1,1,172,0,0,none
කරයි,3,4,1,1,694,0,1,vowel_sign
කරවන,4,4,0,1,694,0,1,long_word
කරවා,3,4,1,1,694,0,1,unfamiliar
කරවීම,4,5,1,1,232,0,1,long_word
කරවීමට,5,6,1,1,694,0,1,long_word
කරවීමටත්,6,8,1,1,694,0,1,long_word
කරවීමත්,5,7,1,1,694,0,1,long_word
කරවීමයි,5,7,2,1,694,0,1,long_word
කරවීමේ,4,6,2,1,694,0,1,long_word
කරා,2,3,1,1,694,0,1,unfamiliar
කරුණාරත්න,6,9,2,2,361,0,1,long_word
කරුණාවෙන්,5,9,3,1,361,0,1,long_word
කරෙන්,3,5,1,1,127,0,1,vowel_sign
කල්පනා,4,6,1,2,694,0,1,long_word
කලා,2,3,1,1,694,0,1,unfamiliar
කලාපය,4,5,1,1,694,0,1,long_word
කලුබෝවිල,5,8,3,1,694,0,1,long_word
කවදත්,4,5,0,1,694,0,1,long_word
කවදාවත්,5,7,1,1,361,0,1,long_word
කවා,2,3,1,1,361,0,1,unfamiliar
කවි,2,3,1,1,361,0,1,vowel_sign
කවීෂා,3,5,2,1,361,1,1,vowel_sign
කවුද,3,4,1,1,361,0,1,unfamiliar
කවුදැයි,4,7,3,1,694,0,1,long_word
කවුරුත්,4,7,2,1,361,0,1,long_word
කවුරුන්දෝ,5,9,3,2,694,0,1,long_word
කවුරුවත්,5,8,2,1,694,0,1,long_word
කසුන්,3,5,1,1,361,0,1,unfamiliar
කහ,2,2,0,1,694,0,1,unfamiliar
කළ,2,2,0,1,361,0,1,unfamiliar
කළගුණ,4,5,1,1,694,0,1,long_word
කළා,2,3,1,1,12,0,0,none
කළු,2,3,1,1,694,0,1,unfamiliar
කළෙත්,3,5,1,1,694,0,1,vowel_sign
කළේ,2,3,1,1,694,0,1,vowel_sign
කළොත්,3,5,1,1,694,0,1,vowel_sign
ක්,1,2,0,1,694,0,1,unfamiliar
ක්‍රම,3,5,0,2,694,0,1,unfamiliar
ක්‍රමිකව,5,8,1,2,694,0,1,long_word
ක්‍රියා,3,7,2,2,694,0,1,vowel_sign
ක්‍රියාකාරකම,7,12,3,2,694,0,1,long_word
ක්‍රියාකාරකමක්,8,14,3,2,694,0,1,long_word
ක්‍රියාකාරකම්,7,13,3,2,694,0,1,long_word
ක්‍රියාකාරකම්වල,9,15,3,2,232,0,1,long_word
ක්‍රීඩා,3,7,2,2,361,0,1,vowel_sign
ක්‍රීඩාවක්,5,10,2,2,694,0,1,long_word
කා,1,2,1,1,694,0,1,unfamiliar
කාටත්,3,5,1,1,694,0,1,unfamiliar
කාමරයේ,4,6,2,1,694,0,1,long_word
කාර්,2,4,1,1,694,0,1,unfamiliar
කාර්මික,4,7,2,2,694,0,1,long_word
කාර්යයයි,5,8,2,2,694,0,1,long_word
කාරියවසම්,6,9,2,1,694,0,1,long_word
කාල,2,3,1,1,694,0,1,unfamiliar
කාලය,3,4,1,1,694,0,1,unfamiliar
කාලයක්,4,6,1,1,694,0,1,long_word
කාලා,2,4,2,1,361,0,1,unfamiliar
කාලෙක,3,5,2,1,694,0,1,vowel_sign
කැ,1,2,1,1,694,0,1,vowel_sign
කැඩිලා,3,6,3,1,694,0,1,vowel_sign
කැඩුවා,3,6,3,1,232,0,1,vowel_sign
කැතයි,3,5,2,1,694,0,1,vowel_sign
කැපූ,2,4,2,1,694,0,1,vowel_sign
කැමති,3,5,2,1,232,0,1,vowel_sign
කැමතියි,4,7,3,1,694,0,1,long_word
කැමැත්තෙන්,5,10,3,1,694,0,1,long_word
කැරකි,3,5,2,1,361,0,1,vowel_sign
කැරට්,3,5,1,1,694,0,1,vowel_sign
කැල,2,3,1,1,694,0,1,vowel_sign
කැලේ,2,4,2,1,694,0,1,vowel_sign
කැවිලි,3,6,3,1,361,0,1,vowel_sign
කැවුම්,3,6,2,1,694,0,1,vowel_sign
කැවුවා,3,6,3,1,694,0,1,vowel_sign
කෑ,1,2,1,1,694,0,1,vowel_sign
කෑගැසුවා,4,8,4,1,694,0,1,long_word
කෑම,2,3,1,1,24,0,1,vowel_sign
කෑමට,3,4,1,1,694,0,1,vowel_sign
කෑමත්,3,5,1,1,694,0,1,vowel_sign
කෑමෙන්,3,6,2,1,694,0,1,vowel_sign
කෑවා,2,4,2,1,694,0,1,vowel_sign
කෑවේ,2,4,2,1,694,0,1,vowel_sign
කි,1,2,1,1,694,0,1,vowel_sign
කිය,2,3,1,1,361,0,1,vowel_sign
කියනකොට,5,7,2,1,694,0,1,long_word
කියනවා,4,6,2,1,361,0,1,long_word
කියන්න,4,6,1,1,74,0,1,long_word
කියන්නේ,4,7,2,1,694,0,1,long_word
කියමු,3,5,2,1,361,0,1,vowel_sign
කියල,3,4,1,1,694,0,1,vowel_sign
කියලයි,4,6,2,1,694,0,1,long_word
කියලා,3,5,2,1,127,0,1,vowel_sign
කියවන්න,5,7,1,1,172,0,1,long_word
කියවන්නත්,6,9,1,1,361,0,1,long_word
කියවමු,4,6,2,1,361,0,1,long_word
කියවා,3,5,2,1,232,0,1,vowel_sign
කියවීම,4,6,2,1,361,0,1,long_word
කියවීමට,5,7,2,1,361,0,1,long_word
කියවීම්,4,7,2,1,172,0,1,long_word
කියවීමේ,4,7,3,1,694,0,1,long_word
කියවෙන්නේ,5,9,3,1,694,0,1,long_word
කියා,2,4,2,1,74,0,1,vowel_sign
කියාගෙන,4,7,3,1,361,0,1,long_word
කියෙවුවා,4,8,4,1,694,0,1,long_word
කිරි,2,4,2,1,232,0,1,vowel_sign
කිරිබත්,4,7,2,1,361,0,1,long_word
කිරීම,3,5,2,1,97,0,1,vowel_sign
කිරීමට,4,6,2,1,361,0,1,long_word
කිරීමටත්,5,8,2,1,361,0,1,long_word
කිරීමටයි,5,8,3,1,694,0,1,long_word
කිරීමත්,4,7,2,1,232,0,1,long_word
කිවුවා,3,6,3,1,2,0,1,vowel_sign
කිවුවේ,3,6,3,1,694,0,1,vowel_sign
කිවුවොත්,4,8,3,1,232,0,1,long_word
කිසි,2,4,2,1,694,0,1,vowel_sign
කී,1,2,1,1,694,0,1,vowel_sign
කීචි,2,4,2,1,694,0,1,vowel_sign
කීපයක්,4,6,1,1,694,0,1,long_word
කීය,2,3,1,1,694,0,1,vowel_sign
කු,1,2,1,1,694,0,1,unfamiliar
කුඩේ,2,4,2,1,694,0,1,vowel_sign
කුමාර,3,5,2,1,361,0,1,unfamiliar
කුඹල්,3,5,1,1,694,1,1,unfamiliar
කුඹලා,3,5,2,1,172,1,1,consonant_confusion
කුඹලාගෙ,4,7,3,1,361,1,1,long_word
කුඹලාගේ,4,7,3,1,694,1,1,long_word
කුඹලෙක්,4,7,2,1,361,1,1,long_word
කුඹුර,3,5,2,1,361,1,1,unfamiliar
කුඹුරු,3,6,3,1,694,1,1,unfamiliar
කුඹුරේ,3,6,3,1,361,1,1,vowel_sign
කුරුලු,3,6,3,1,127,0,0,none
කුසලතා,4,6,2,1,694,0,1,long_word
කූ,1,2,1,1,694,0,1,unfamiliar
කූඩුවෙන්,4,8,3,1,694,0,1,long_word
කෙ,1,2,1,1,694,0,1,vowel_sign
කෙටුවා,3,6,3,1,694,0,1,vowel_sign
කෙනෙක්,3,6,2,1,361,0,1,vowel_sign
කෙරුණු,3,6,3,1,694,0,1,vowel_sign
කෙරෙන,3,5,2,1,694,0,1,vowel_sign
කෙරෙහි,3,6,3,1,694,0,1,vowel_sign
කෙරේ,2,4,2,1,232,0,1,vowel_sign
කේ,1,2,1,1,361,0,1,vowel_sign
කො,1,2,1,1,694,0,1,vowel_sign
කොකිස්,3,6,2,1,694,0,1,vowel_sign
කොටන්න,4,6,1,1,694,0,1,long_word
කොටස්,3,5,1,1,694,0,1,vowel_sign
කොට්ටය,4,6,1,1,694,0,1,long_word
කොටුවක්,4,7,2,1,694,0,1,long_word
කොටුවට,4,6,2,1,232,0,1,long_word
කොටුවෙන්,4,8,3,1,694,0,1,long_word
කොටුවේ,3,6,3,1,232,0,1,vowel_sign
කොමසාරිස්,5,9,3,1,232,0,1,long_word
කොයි,2,4,2,1,694,0,1,vowel_sign
කොස්සක්,4,7,1,1,694,0,1,long_word
කොහා,2,4,2,1,694,0,1,vowel_sign
කොහි,2,4,2,1,694,0,1,vowel_sign
කොහේ,2,4,2,1,694,0,1,vowel_sign
කොළ,2,3,1,1,97,0,1,vowel_sign
කොළය,3,4,1,1,361,0,1,vowel_sign
කොළයක්,4,6,1,1,694,0,1,long_word
කෝ,1,2,1,1,361,0,1,vowel_sign
කෝච්චියක්,5,9,2,1,694,0,1,long_word
කෝච්චියේ,4,8,3,1,694,0,1,long_word
කෝටුව,3,5,2,1,694,0,1,vowel_sign
කෝසල,3,4,1,1,172,0,1,vowel_sign
ග,1,1,0,1,361,0,1,unfamiliar
ගඟ,2,2,0,1,694,1,1,unfamiliar
ගඟක්,3,4,0,1,694,1,1,unfamiliar
ගණිත,3,4,1,1,694,0,1,vowel_sign
ගත,2,2,0,1,232,0,0,none
ගත්තා,3,5,1,1,21,0,0,none
ගත්තෙත්,4,7,1,1,694,0,1,long_word
ගති,2,3,1,1,361,0,1,vowel_sign
ගන්න,3,4,0,1,31,0,0,none
ගන්නයි,4,6,1,1,694,0,1,long_word
ගනිමින්,4,7,2,1,694,0,1,long_word
ගමන,3,3,0,1,694,0,1,unfamiliar
ගමනක්,4,5,0,1,694,0,1,long_word
ගමරාල,4,5,1,1,74,0,1,long_word
ගමරාලගේ,5,7,2,1,694,0,1,long_word
ගම්,2,3,0,1,694,0,1,unfamiliar
ගම්මැද්දේ,5,9,2,1,694,0,1,long_word
ගයමින්,4,6,1,1,694,0,1,long_word
ගයමු,3,4,1,1,694,0,1,unfamiliar
ගයලා,3,4,1,1,694,0,1,unfamiliar
ගරු,2,3,1,1,694,0,1,unfamiliar
ගස,2,2,0,1,694,0,1,unfamiliar
ගසමින්,4,6,1,1,694,0,1,long_word
ගස්,2,3,0,1,361,0,1,unfamiliar
ගස්වල,4,5,0,2,694,0,1,long_word
ගසේ,2,3,1,1,694,0,1,vowel_sign
ගහ,2,2,0,1,694,0,1,unfamiliar
ගහන්න,4,5,0,1,694,0,1,long_word
ගහමු,3,4,1,1,361,0,1,unfamiliar
ගහේ,2,3,1,1,694,0,1,vowel_sign
ග්,1,2,0,1,694,0,1,unfamiliar
ග්‍රහලෝක,5,8,1,2,694,0,1,long_word
ග්‍රහලෝකාගාර,7,12,3,2,361,0,1,long_word
ග්‍රහලෝකාගාරය,8,13,3,2,361,0,1,long_word
ග්‍රහලෝකාගාරයට,9,14,3,2,694,0,1,long_word
ග්‍රහලෝකාගාරයෙන්,9,16,4,2,694,0,1,long_word
ග්‍රහලෝකාගාරයේ,8,14,4,2,694,0,1,long_word
ගා,1,2,1,1,694,0,1,unfamiliar
ගාන,2,3,1,1,694,0,1,unfamiliar
ගායනයට,5,6,1,1,694,0,1,long_word
ගායනා,3,5,2,1,232,0,0,none
ගාලා,2,4,2,1,361,0,1,unfamiliar
ගාවා,2,4,2,1,694,0,1,unfamiliar
ගැ,1,2,1,1,694,0,1,vowel_sign
ගැටෙන,3,5,2,1,694,0,1,vowel_sign
ගැන,2,3,1,1,361,0,1,vowel_sign
ගැනීම,3,5,2,1,127,0,1,vowel_sign
ගැනීමට,4,6,2,1,361,0,1,long_word
ගැයුවා,3,6,3,1,694,0,1,vowel_sign
ගැලවෙන්නේ,5,9,3,1,694,0,1,long_word
ගැසීම්,3,6,2,1,694,0,1,vowel_sign
ගැසුවා,3,6,3,1,694,0,1,vowel_sign
ගැහුවා,3,6,3,1,172,0,1,vowel_sign
ගැළපෙන,4,6,2,1,361,0,1,long_word
ගෑ,1,2,1,1,694,0,1,vowel_sign
ගි,1,2,1,1,694,0,1,vowel_sign
ගිය,2,3,1,1,694,0,1,vowel_sign
ගියා,2,4,2,1,12,0,1,vowel_sign
ගියේ,2,4,2,1,361,0,1,vowel_sign
ගිරාගම,4,6,2,1,694,0,1,long_word
ගිරිඋල්ල,4,8,2,1,694,0,1,long_word
ගිලිල්ල,4,7,2,1,361,0,1,long_word
ගිහින්,3,6,2,1,361,0,1,vowel_sign
ගී,1,2,1,1,74,0,1,vowel_sign
ගීත,2,3,1,1,694,0,1,vowel_sign
ගීය,2,3,1,1,694,0,1,vowel_sign
ගු,1,2,1,1,694,0,1,unfamiliar
ගුණ,2,3,1,1,694,0,1,unfamiliar
ගුණාංග,3,6,2,1,694,0,1,unfamiliar
ගුරු,2,4,2,1,97,0,0,none
ගුරුතුමිය,5,9,4,1,31,0,1,long_word
ගුරුතුමියගේ,6,11,5,1,694,0,1,long_word
ගුරුතුමියයි,6,11,5,1,694,0,1,long_word
ගුරුතුමී,4,8,4,1,361,0,1,long_word
ගුරුවරයා,5,8,3,1,694,0,1,long_word
ගුළිය,3,5,2,1,694,0,1,vowel_sign
ගුළියක්,4,7,2,1,694,0,1,long_word
ගූ,1,2,1,1,694,0,1,unfamiliar
ගෙ,1,2,1,1,694,0,1,vowel_sign
ගෙට,2,3,1,1,694,0,1,vowel_sign
ගෙඩිය,3,5,2,1,232,0,1,vowel_sign
ගෙඩියක්,4,7,2,1,172,0,1,long_word
ගෙඩියට,4,6,2,1,694,0,1,long_word
ගෙදර,3,4,1,1,36,0,1,vowel_sign
ගෙදරක,4,5,1,1,694,0,1,long_word
ගෙදරක්,4,6,1,1,694,0,1,long_word
ගෙදරට,4,5,1,1,361,0,1,long_word
ගෙන,2,3,1,1,36,0,1,vowel_sign
ගෙනා,2,4,2,1,694,0,1,vowel_sign
ගෙනාවා,3,6,3,1,694,0,1,vowel_sign
ගෙනැත්,3,6,2,1,694,0,1,vowel_sign
ගෙනෙන්නේ,4,8,3,1,694,0,1,long_word
ගෙයක්,3,5,1,1,232,0,1,vowel_sign
ගෙයි,2,4,2,1,694,0,1,vowel_sign
ගෙවත්තක්,5,8,1,1,694,0,1,long_word
ගේ,1,2,1,1,74,0,1,vowel_sign
ගේන්න,3,5,1,1,694,0,1,vowel_sign
ගො,1,2,1,1,694,0,1,vowel_sign
ගොටුකොළ,4,7,3,1,694,0,1,long_word
ගොඩ,2,3,1,1,361,0,1,vowel_sign
ගොඩක්,3,5,1,1,694,0,1,vowel_sign
ගොඩනගා,4,6,2,1,694,0,1,long_word
ගොඩනැගිල්ලක්,7,12,3,1,694,0,1,long_word
ගොඩයි,3,5,2,1,694,0,1,vowel_sign
ගොඩෙත්,3,6,2,1,172,0,1,vowel_sign
ගොතලා,3,5,2,1,361,0,1,vowel_sign
ගොයම,3,4,1,1,694,0,1,vowel_sign
ගොයම්,3,5,1,1,694,0,1,vowel_sign
ගොවිතැන්,4,8,3,1,694,0,1,long_word
ගොවියා,3,6,3,1,694,0,1,vowel_sign
ගොවියාට,4,7,3,1,694,0,1,long_word
ගොවියෙක්,4,8,3,1,694,0,1,long_word
ගොස්,2,4,1,1,694,0,1,vowel_sign
ගෝ,1,2,1,1,694,0,1,vowel_sign
ගෝණා,2,4,2,1,42,0,1,vowel_sign
ගෝණාගේ,3,6,3,1,694,0,1,vowel_sign
ගෝණාට,3,5,2,1,361,0,1,vowel_sign
ගෝණෙක්,3,6,2,1,694,0,1,vowel_sign
ඞී,1,2,1,1,232,0,1,vowel_sign
ඟ,1,1,0,1,361,1,1,unfamiliar
ඟ්,1,2,0,1,694,1,1,unfamiliar
ඟා,1,2,1,1,694,1,1,unfamiliar
ඟැ,1,2,1,1,694,1,1,vowel_sign
ඟෑ,1,2,1,1,694,1,1,vowel_sign
ඟි,1,2,1,1,694,1,1,vowel_sign
ඟී,1,2,1,1,694,1,1,vowel_sign
ඟු,1,2,1,1,694,1,1,unfamiliar
ඟූ,1,2,1,1,694,1,1,unfamiliar
ඟෙ,1,2,1,1,694,1,1,vowel_sign
ඟේ,1,2,1,1,694,1,1,vowel_sign
ඟො,1,2,1,1,694,1,1,vowel_sign
ඟෝ,1,2,1,1,694,1,1,vowel_sign
ච,1,1,0,1,361,0,1,unfamiliar
චට,2,2,0,1,361,0,1,unfamiliar
චතුරංග,4,6,1,1,694,0,1,long_word
චන්ද්‍රමාලි,6,11,2,3,694,0,1,long_word
ච්,1,2,0,1,694,0,1,unfamiliar
චා,1,2,1,1,694,0,1,unfamiliar
චාරිකා,3,6,3,1,361,0,1,vowel_sign
චාරිකාව,4,7,3,1,232,0,1,long_word
චාලක,3,4,1,1,694,0,1,unfamiliar
චැ,1,2,1,1,694,0,1,vowel_sign
චෑ,1,2,1,1,694,0,1,vowel_sign
චි,1,2,1,1,694,0,1,vowel_sign
චිත්ත,3,5,1,1,694,0,1,vowel_sign
චිත්තවේගීය,6,10,3,1,694,0,1,long_word
චිත්‍ර,3,6,1,2,361,0,1,vowel_sign
චිත්‍රපට,5,8,1,2,694,0,1,long_word
චිත්‍රපටියක්,7,12,2,2,694,0,1,long_word
චිත්‍රලතා,5,9,2,2,694,0,1,long_word
චිල්ල,3,5,1,1,361,0,1,vowel_sign
චිලි,2,4,2,1,361,0,1,vowel_sign
චී,1,2,1,1,694,0,1,vowel_sign
චු,1,2,1,1,694,0,1,unfamiliar
චූ,1,2,1,1,694,0,1,unfamiliar
චෙ,1,2,1,1,694,0,1,vowel_sign
චේ,1,2,1,1,694,0,1,vowel_sign
චො,1,2,1,1,694,0,1,vowel_sign
චෝ,1,2,1,1,694,0,1,vowel_sign
ජ,1,1,0,1,361,0,1,unfamiliar
ජනකථාවක්,6,8,1,1,694,1,1,long_word
ජනපදයේ,5,6,1,1,694,0,1,long_word
ජනරාල්,4,6,1,1,361,0,1,long_word
ජනිත,3,4,1,1,361,0,1,vowel_sign
ජනේලය,4,5,1,1,694,0,1,long_word
ජම්බු,3,5,1,2,60,0,0,none
ජම්බුගෙඩිය,6,10,3,2,694,0,1,long_word
ජය,2,2,0,1,361,0,1,unfamiliar
ජයසුන්දර,6,8,1,2,694,0,1,long_word
ජලය,3,3,0,1,694,0,1,unfamiliar
ජ්,1,2,0,1,694,0,1,unfamiliar
ජ්‍යෙෂ්ඨ,4,8,1,2,694,1,1,long_word
ජා,1,2,1,1,694,0,1,unfamiliar
ජාතික,3,5,2,1,232,0,1,vowel_sign
ජානක,3,4,1,1,172,0,0,none
ජැ,1,2,1,1,694,0,1,vowel_sign
ජෑ,1,2,1,1,694,0,1,vowel_sign
ජි,1,2,1,1,694,0,1,vowel_sign
ජී,1,2,1,1,694,0,1,vowel_sign
ජීවත්,3,5,1,1,172,0,1,vowel_sign
ජීවන,3,4,1,1,361,0,1,vowel_sign
ජීවනයේ,4,6,2,1,694,0,1,long_word
ජීවිතය,4,6,2,1,694,0,1,long_word
ජීවිතයේ,4,7,3,1,694,0,1,long_word
ජු,1,2,1,1,694,0,1,unfamiliar
ජූ,1,2,1,1,694,0,1,unfamiliar
ජෙ,1,2,1,1,694,0,1,vowel_sign
ජේ,1,2,1,1,361,0,1,vowel_sign
ජො,1,2,1,1,694,0,1,vowel_sign
ජෝ,1,2,1,1,694,0,1,vowel_sign
ඥාන,2,3,1,1,694,1,1,unfamiliar
ට,1,1,0,1,361,0,1,unfamiliar
ටකුස්,3,5,1,1,694,0,1,unfamiliar
ට්,1,2,0,1,694,0,1,unfamiliar
ටා,1,2,1,1,694,0,1,unfamiliar
ටැ,1,2,1,1,694,0,1,vowel_sign
ටෑ,1,2,1,1,694,0,1,vowel_sign
ටි,1,2,1,1,694,0,1,vowel_sign
ටිං,1,3,1,1,42,0,1,vowel_sign
ටිකක්,3,5,1,1,172,0,1,vowel_sign
ටිරෝන්,3,6,2,1,361,0,1,vowel_sign
ටිලිං,2,5,2,1,232,0,1,vowel_sign
ටී,1,2,1,1,694,0,1,vowel_sign
ටු,1,2,1,1,694,0,1,unfamiliar
ටුකුස්,3,6,2,1,694,0,1,unfamiliar
ටූ,1,2,1,1,694,0,1,unfamiliar
ටෙ,1,2,1,1,694,0,1,vowel_sign
ටේ,1,2,1,1,694,0,1,vowel_sign
ටො,1,2,1,1,694,0,1,vowel_sign
ටෝ,1,2,1,1,694,0,1,vowel_sign
ඩ,1,1,0,1,232,0,0,none
ඩබ්ලිව්,4,7,1,2,172,0,1,long_word
ඩස,2,2,0,1,694,0,1,unfamiliar
ඩසස,3,3,0,1,694,0,1,unfamiliar
ඩ්,1,2,0,1,232,0,0,none
ඩා,1,2,1,1,694,0,1,unfamiliar
ඩැ,1,2,1,1,694,0,1,vowel_sign
ඩෑ,1,2,1,1,694,0,1,vowel_sign
ඩි,1,2,1,1,361,0,1,vowel_sign
ඩු,1,2,1,1,694,0,1,unfamiliar
ඩූ,1,2,1,1,694,0,1,unfamiliar
ඩෙ,1,2,1,1,694,0,1,vowel_sign
ඩේ,1,2,1,1,694,0,1,vowel_sign
ඩො,1,2,1,1,694,0,1,vowel_sign
ඩෝ,1,2,1,1,694,0,1,vowel_sign
ණ,1,1,0,1,361,0,1,unfamiliar
ණ්,1,2,0,1,694,0,1,unfamiliar
ණා,1,2,1,1,694,0,1,unfamiliar
ණැ,1,2,1,1,694,0,1,vowel_sign
ණෑ,1,2,1,1,694,0,1,vowel_sign
ණි,1,2,1,1,694,0,1,vowel_sign
ණී,1,2,1,1,694,0,1,vowel_sign
ණු,1,2,1,1,694,0,1,unfamiliar
ණූ,1,2,1,1,694,0,1,unfamiliar
ණෙ,1,2,1,1,694,0,1,vowel_sign
ණේ,1,2,1,1,694,0,1,vowel_sign
ණො,1,2,1,1,694,0,1,vowel_sign
ණෝ,1,2,1,1,694,0,1,vowel_sign
ඬ,1,1,0,1,361,0,1,unfamiliar
ඬා,1,2,1,1,694,0,1,unfamiliar
ඬැ,1,2,1,1,694,0,1,vowel_sign
ඬෑ,1,2,1,1,694,0,1,vowel_sign
ඬු,1,2,1,1,694,0,1,unfamiliar
ඬූ,1,2,1,1,694,0,1,unfamiliar
ඬෙ,1,2,1,1,694,0,1,vowel_sign
ඬො,1,2,1,1,694,0,1,vowel_sign
ඬෝ,1,2,1,1,694,0,1,vowel_sign
ත,1,1,0,1,361,0,1,unfamiliar
තට්ටු,3,5,1,1,694,0,1,unfamiliar
තට්ටුව,4,6,1,1,172,0,1,long_word
තට්ටුවේ,4,7,2,1,694,0,1,long_word
තටු,2,3,1,1,694,0,1,unfamiliar
තද,2,2,0,1,694,0,1,unfamiliar
තදින්,3,5,1,1,694,0,1,vowel_sign
තනියම,4,5,1,1,361,0,1,long_word
තබා,2,3,1,1,361,0,1,unfamiliar
තමන්ගේ,4,6,1,2,361,0,1,long_word
තමයි,3,4,1,1,694,0,1,vowel_sign
තමාගේ,3,5,2,1,694,0,1,vowel_sign
තරගය,4,4,0,1,232,0,1,long_word
තරගවලට,6,6,0,1,694,0,1,long_word
තරමක්,4,5,0,1,361,0,1,long_word
තරු,2,3,1,1,74,0,0,none
තරුවක්,4,6,1,1,694,0,1,long_word
තව,2,2,0,1,694,0,1,unfamiliar
තවත්,3,4,0,1,694,0,1,unfamiliar
තහනම්,4,5,0,1,694,0,1,long_word
ත්,1,2,0,1,694,0,1,unfamiliar
ත්‍යාගශීලී,5,10,3,2,694,1,1,long_word
ත්‍රිකෝණය,5,9,2,2,694,0,1,long_word
ත්‍රිකෝණයක්,6,11,2,2,694,0,1,long_word
ත්‍රීරෝද,4,8,2,2,694,0,1,long_word
තා,1,2,1,1,694,0,1,unfamiliar
තාත්තයි,4,7,2,1,361,0,1,long_word
තාත්තලාත්,5,9,2,1,694,0,1,long_word
තාත්තා,3,6,2,1,24,0,0,none
තාත්තාගේ,4,8,3,1,694,0,1,long_word
තාත්තාට,4,7,2,1,361,0,1,long_word
තාත්තාටයි,5,9,3,1,694,0,1,long_word
තාත්තේ,3,6,2,1,694,0,1,vowel_sign
තාරක,3,4,1,1,232,0,0,none
තාරකත්,4,6,1,1,694,0,1,long_word
තාරකා,3,5,2,1,694,0,1,unfamiliar
තාල,2,3,1,1,694,0,1,unfamiliar
තාලෙට,3,5,2,1,232,0,1,vowel_sign
තැ,1,2,1,1,694,0,1,vowel_sign
තැනක්,3,5,1,1,361,0,1,vowel_sign
තෑ,1,2,1,1,694,0,1,vowel_sign
තෑග්ග,3,5,1,1,694,0,1,vowel_sign
තෑගි,2,4,2,1,97,0,1,vowel_sign
ති,1,2,1,1,694,0,1,vowel_sign
තිබුණා,3,6,3,1,127,0,1,vowel_sign
තිබුණු,3,6,3,1,694,0,1,vowel_sign
තිබුණේ,3,6,3,1,361,0,1,vowel_sign
තිබේ,2,4,2,1,694,0,1,vowel_sign
තියන්න,4,6,1,1,694,0,1,long_word
තියා,2,4,2,1,694,0,1,vowel_sign
තියෙනවා,4,7,3,1,172,0,1,long_word
තියෙන්නේ,4,8,3,1,172,0,1,long_word
තිලක්,3,5,1,1,694,0,1,vowel_sign
තිස්ස,3,5,1,1,361,0,1,vowel_sign
තිස්සෙම,4,7,2,1,361,0,1,long_word
තිළිණ,3,5,2,1,694,0,1,vowel_sign
තී,1,2,1,1,694,0,1,vowel_sign
තීරණාත්මක,6,9,2,2,694,0,1,long_word
තු,1,2,1,1,694,0,1,unfamiliar
තුටින්,3,6,2,1,694,0,1,vowel_sign
තුරුලට,4,6,2,1,694,0,1,long_word
තුරුලෙයි,4,8,4,1,694,0,1,long_word
තුළ,2,3,1,1,172,0,0,none
තුළින්,3,6,2,1,694,0,1,vowel_sign
තුළිනි,3,6,3,1,694,0,1,vowel_sign
තූ,1,2,1,1,694,0,1,unfamiliar
තෙ,1,2,1,1,694,0,1,vowel_sign
තෙමා,2,4,2,1,694,0,1,vowel_sign
තේ,1,2,1,1,361,0,1,vowel_sign
තේරුම්,3,6,2,1,361,0,1,vowel_sign
තො,1,2,1,1,694,0,1,vowel_sign
තෝ,1,2,1,1,694,0,1,vowel_sign
තෝරා,2,4,2,1,694,0,1,vowel_sign
තෝරාලා,3,6,3,1,361,0,1,vowel_sign
ද,1,1,0,1,6,0,0,none
දක්වා,3,5,1,2,694,0,1,unfamiliar
දක්ෂ,3,4,0,2,694,1,1,unfamiliar
දක්ෂතා,4,6,1,2,361,1,1,long_word
දක්ෂතාව,5,7,1,2,694,1,1,long_word
දකුණට,4,5,1,1,694,0,1,long_word
දඟලන්න,5,6,0,1,694,1,1,long_word
දණහිස,4,5,1,1,694,0,1,long_word
දත,2,2,0,1,694,0,1,unfamiliar
දන්න,3,4,0,1,694,0,1,unfamiliar
දන්නවා,4,6,1,1,361,0,1,long_word
දන්නා,3,5,1,1,694,0,1,unfamiliar
දන්නෙ,3,5,1,1,694,0,1,vowel_sign
දන්නේ,3,5,1,1,694,0,1,vowel_sign
දබර,3,3,0,1,694,0,1,unfamiliar
දමමු,3,4,1,1,361,0,1,unfamiliar
දමා,2,3,1,1,361,0,1,unfamiliar
දර්ශනය,5,6,0,2,694,1,1,long_word
දරු,2,3,1,1,361,0,1,unfamiliar
දරුවන්,4,6,1,1,361,0,1,long_word
දරුවන්ගේ,5,8,2,2,694,0,1,long_word
දලු,2,3,1,1,694,0,1,unfamiliar
දවල්,3,4,0,1,361,0,1,unfamiliar
දවසක,4,4,0,1,361,0,1,long_word
දවසක්,4,5,0,1,172,0,1,long_word
දහදියෙන්,5,8,2,1,694,0,1,long_word
දහමේ,3,4,1,1,361,0,1,vowel_sign
ද්,1,2,0,1,694,0,1,unfamiliar
දා,1,2,1,1,361,0,1,unfamiliar
දාංගලේ,3,6,2,1,694,0,1,vowel_sign
දාගන්නම්,5,8,1,1,694,0,1,long_word
දාන්න,3,5,1,1,361,0,1,unfamiliar
දායක,3,4,1,1,694,0,1,unfamiliar
දැ,1,2,1,1,694,0,1,vowel_sign
දැක,2,3,1,1,694,0,1,vowel_sign
දැකලා,3,5,2,1,361,0,1,vowel_sign
දැක්කා,3,6,2,1,60,0,1,vowel_sign
දැක්ම,3,5,1,2,694,0,1,vowel_sign
දැකීමට,4,6,2,1,694,0,1,long_word
දැන,2,3,1,1,694,0,1,vowel_sign
දැන්,2,4,1,1,97,0,1,vowel_sign
දැනුම,3,5,2,1,361,0,1,vowel_sign
දැනුමයි,4,7,3,1,694,0,1,long_word
දැනේ,2,4,2,1,127,0,1,vowel_sign
දැම්මා,3,6,2,1,361,0,1,vowel_sign
දැමීමයි,4,7,3,1,694,0,1,long_word
දැල,2,3,1,1,74,0,1,vowel_sign
දැලට,3,4,1,1,694,0,1,vowel_sign
දැල්,2,4,1,1,694,0,1,vowel_sign
දෑ,1,2,1,1,694,0,1,vowel_sign
දි,1,2,1,1,361,0,1,vowel_sign
දිග,2,3,1,1,694,0,1,vowel_sign
දිගට,3,4,1,1,694,0,1,vowel_sign
දිගේ,2,4,2,1,361,0,1,vowel_sign
දිනන්නේ,4,7,2,1,694,0,1,long_word
දිනය,3,4,1,1,361,0,1,vowel_sign
දින්,2,4,1,1,694,0,1,vowel_sign
දිනුම්,3,6,2,1,361,0,1,vowel_sign
දිනේට,3,5,2,1,694,0,1,vowel_sign
දිය,2,3,1,1,694,0,1,vowel_sign
දියේ,2,4,2,1,361,0,1,vowel_sign
දිලිසේ,3,6,3,1,694,0,1,vowel_sign
දිවීමේ,3,6,3,1,694,0,1,vowel_sign
දිවුවා,3,6,3,1,694,0,1,vowel_sign
දිහා,2,4,2,1,232,0,1,vowel_sign
දී,1,2,1,1,60,0,1,vowel_sign
දීම,2,3,1,1,361,0,1,vowel_sign
දීමට,3,4,1,1,361,0,1,vowel_sign
දීමටත්,4,6,1,1,232,0,1,long_word
දීමත්,3,5,1,1,694,0,1,vowel_sign
දීමේදී,3,6,3,1,694,0,1,vowel_sign
දීලා,2,4,2,1,694,0,1,vowel_sign
දු,1,2,1,1,694,0,1,unfamiliar
දුකයි,3,5,2,1,694,0,1,vowel_sign
දුක්,2,4,1,1,232,0,0,none
දුන්නා,3,6,2,1,361,0,1,unfamiliar
දුන්නේ,3,6,2,1,361,0,1,vowel_sign
දුර,2,3,1,1,127,0,0,none
දුරැර,3,5,2,1,694,0,1,vowel_sign
දුව,2,3,1,1,232,0,0,none
දුවත්,3,5,1,1,694,0,1,unfamiliar
දුවනවා,4,6,2,1,172,0,1,long_word
දුවන්න,4,6,1,1,694,0,1,long_word
දුවමු,3,5,2,1,694,0,1,unfamiliar
දුවලා,3,5,2,1,694,0,1,unfamiliar
දෙ,1,2,1,1,694,0,1,vowel_sign
දෙක,2,3,1,1,172,0,1,vowel_sign
දෙන,2,3,1,1,232,0,1,vowel_sign
දෙනවා,3,5,2,1,694,0,1,vowel_sign
දෙන්න,3,5,1,1,60,0,1,vowel_sign
දෙන්නම්,4,7,1,1,172,0,1,long_word
දෙන්නයි,4,7,2,1,694,0,1,long_word
දෙන්නා,3,6,2,1,361,0,1,vowel_sign
දෙන්නේ,3,6,2,1,694,0,1,vowel_sign
දෙනා,2,4,2,1,97,0,1,vowel_sign
දෙනාට,3,5,2,1,97,0,1,vowel_sign
දෙනෙක්,3,6,2,1,694,0,1,vowel_sign
දෙපාර්තමේන්තු,7,13,4,2,694,0,1,long_word
දෙපාර්තමේන්තුව,8,14,4,2,97,0,1,long_word
දෙපාර්තමේන්තුවේ,8,15,5,2,694,0,1,long_word
දෙපැත්තට,5,8,2,1,694,0,1,long_word
දෙමව්පියන්ටත්,8,13,2,2,694,0,1,long_word
දෙමාපියන්,5,9,3,1,694,0,1,long_word
දෙමාපියන්ගේ,6,11,4,2,694,0,1,long_word
දෙමාපියන්හට,7,11,3,2,361,0,1,long_word
දෙමින්,3,6,2,1,694,0,1,vowel_sign
දෙමිනේ,3,6,3,1,694,0,1,vowel_sign
දෙමු,2,4,2,1,232,0,1,vowel_sign
දෙයක්,3,5,1,1,694,0,1,vowel_sign
දෙවන,3,4,1,1,694,0,1,vowel_sign
දේ,1,2,1,1,97,0,1,vowel_sign
දේවල්,3,5,1,1,694,0,1,vowel_sign
දො,1,2,1,1,694,0,1,vowel_sign
දොර,2,3,1,1,694,0,1,vowel_sign
දොළ,2,3,1,1,694,0,1,vowel_sign
දෝ,1,2,1,1,694,0,1,vowel_sign
ධනය,3,3,0,1,694,1,1,unfamiliar
ධනවත්,4,5,0,1,694,1,1,long_word
ධාන්‍ය,3,6,1,2,694,1,1,unfamiliar
න,1,1,0,1,361,0,1,unfamiliar
නංගි,2,4,1,1,172,0,1,vowel_sign
නංගියි,3,6,2,1,694,0,1,vowel_sign
නගින්න,4,6,1,1,694,0,1,long_word
නඟේ,2,3,1,1,694,1,1,vowel_sign
නටන්න,4,5,0,1,694,0,1,long_word
නටවන්නේ,5,7,1,1,694,0,1,long_word
නටා,2,3,1,1,694,0,1,unfamiliar
නතර,3,3,0,1,232,0,0,none
නන්දා,3,5,1,2,694,0,1,unfamiliar
නම්,2,3,0,1,172,0,0,none
නමා,2,3,1,1,361,0,1,unfamiliar
නමෝ,2,3,1,1,15,0,1,vowel_sign
නයන,3,3,0,1,694,0,1,unfamiliar
නව,2,2,0,1,361,0,1,unfamiliar
නවත්වන්න,6,8,0,2,172,0,1,long_word
නවන්න,4,5,0,1,694,0,1,long_word
නළාවෙන්,4,7,2,1,694,0,1,long_word
න්,1,2,0,1,694,0,1,unfamiliar
නා,1,2,1,1,694,0,1,unfamiliar
නාද,2,3,1,1,694,0,1,unfamiliar
නාලිකා,3,6,3,1,694,0,1,vowel_sign
නැ,1,2,1,1,694,0,1,vowel_sign
නැංවීම,3,6,2,1,694,0,1,vowel_sign
නැංවීමටත්,5,9,2,1,694,0,1,long_word
නැකත්,3,5,1,1,694,0,1,vowel_sign
නැග්ගට,4,6,1,1,694,0,1,long_word
නැග්ගා,3,6,2,1,361,0,1,vowel_sign
නැටිල්ල,4,7,2,1,361,0,1,long_word
නැටුමක්,4,7,2,1,694,0,1,long_word
නැටුම්,3,6,2,1,361,0,1,vowel_sign
නැටුවා,3,6,3,1,361,0,1,vowel_sign
නැණ,2,3,1,1,694,0,1,vowel_sign
නැද්ද,3,5,1,1,694,0,1,vowel_sign
නැන්දේ,3,6,2,2,694,0,1,vowel_sign
නැඹුරු,3,6,3,1,694,1,1,vowel_sign
නැවක,3,4,1,1,694,0,1,vowel_sign
නැවතත්,4,6,1,1,361,0,1,long_word
නැවතුණා,4,7,3,1,694,0,1,long_word
නැව්,2,4,1,1,694,0,1,vowel_sign
නැහැ,2,4,2,1,74,0,1,vowel_sign
නෑ,1,2,1,1,36,0,1,vowel_sign
නෑයෙක්,3,6,2,1,694,0,1,vowel_sign
නි,1,2,1,1,694,0,1,vowel_sign
නිකුත්,3,6,2,1,694,0,1,vowel_sign
නිතින,3,5,2,1,694,0,1,vowel_sign
නිදහස්,4,6,1,1,694,0,1,long_word
නිධානය,4,6,2,1,127,1,1,long_word
නිධානයක්,5,8,2,1,361,1,1,long_word
නිධානයේ,4,7,3,1,694,1,1,long_word
නින්දට,4,6,1,2,232,0,1,long_word
නිපුණතා,4,7,3,1,694,0,1,long_word
නිපුන්,3,6,2,1,53,0,1,vowel_sign
නිපුන්ගේ,4,8,3,2,694,0,1,long_word
නිපුන්ට,4,7,2,2,361,0,1,long_word
නිම,2,3,1,1,694,0,1,vowel_sign
නිමා,2,4,2,1,694,0,1,vowel_sign
නියාමනය,5,7,2,1,694,0,1,long_word
නිරත,3,4,1,1,694,0,1,vowel_sign
නිර්මාණය,5,8,2,2,361,0,1,long_word
නිර්මිත,4,7,2,2,694,0,1,long_word
නිරීක්ෂණයට,7,10,2,2,694,1,1,long_word
නිලධාරීන්ටත්,7,12,3,2,694,1,1,long_word
නිල්,2,4,1,1,232,0,1,vowel_sign
නිවරැදි,4,7,3,1,361,0,1,long_word
නිවසට,4,5,1,1,694,0,1,long_word
නිවාඩු,3,6,3,1,232,0,1,vowel_sign
නිවිති,3,6,3,1,694,0,1,vowel_sign
නිවේදනයක්,6,9,2,1,694,0,1,long_word
නිශ්ශබ්ද,5,8,1,2,694,1,1,long_word
නිශ්ශබ්දව,6,9,1,2,694,1,1,long_word
නිසා,2,4,2,1,172,0,1,vowel_sign
නී,1,2,1,1,694,0,1,vowel_sign
නු,1,2,1,1,694,0,1,unfamiliar
නුවණ,3,4,1,1,694,0,1,unfamiliar
නුසුදුසු,4,8,4,1,694,0,1,long_word
නූ,1,2,1,1,694,0,1,unfamiliar
නෙ,1,2,1,1,694,0,1,vowel_sign
නෙක,2,3,1,1,694,0,1,vowel_sign
නෙල්ලි,3,6,2,1,694,0,1,vowel_sign
නේ,1,2,1,1,232,0,1,vowel_sign
නේද,2,3,1,1,361,0,1,vowel_sign
නො,1,2,1,1,694,0,1,vowel_sign
නොකර,3,4,1,1,694,0,1,vowel_sign
නොකා,2,4,2,1,694,0,1,vowel_sign
නොකෑවට,4,6,2,1,694,0,1,long_word
නොගැනීමට,5,8,3,1,694,0,1,long_word
නොදැනීම,4,7,3,1,694,0,1,long_word
නොපමා,3,5,2,1,694,0,1,vowel_sign
නොමිලේ,3,6,3,1,694,0,1,vowel_sign
නොවැන්දාට,5,9,3,2,694,0,1,long_word
නෝ,1,2,1,1,694,0,1,vowel_sign
ඳ,1,1,0,1,694,1,1,unfamiliar
ඳ්,1,2,0,1,694,1,1,unfamiliar
ඳා,1,2,1,1,361,1,1,unfamiliar
ඳැ,1,2,1,1,694,1,1,vowel_sign
ඳෑ,1,2,1,1,694,1,1,vowel_sign
ඳු,1,2,1,1,694,1,1,unfamiliar
ඳූ,1,2,1,1,694,1,1,unfamiliar
ඳෙ,1,2,1,1,694,1,1,vowel_sign
ඳේ,1,2,1,1,694,1,1,vowel_sign
ඳො,1,2,1,1,694,1,1,vowel_sign
ඳෝ,1,2,1,1,694,1,1,vowel_sign
ප,1,1,0,1,361,0,1,unfamiliar
පට,2,2,0,1,361,0,1,unfamiliar
පටන්,3,4,0,1,172,0,0,none
පටුන,3,4,1,1,694,0,1,unfamiliar
පණ,2,2,0,1,694,0,1,unfamiliar
පණිවුඩය,5,7,2,1,694,0,1,long_word
පතක්,3,4,0,1,694,0,1,unfamiliar
පත්,2,3,0,1,694,0,1,unfamiliar
පතුලෙත්,4,7,2,1,694,0,1,long_word
පතෝල,3,4,1,1,694,0,1,vowel_sign
පද,2,2,0,1,694,0,1,unfamiliar
පද්මිණී,4,7,2,2,694,0,1,long_word
පදිමු,3,5,2,1,172,0,1,vowel_sign
පදිමූ,3,5,2,1,694,0,1,vowel_sign
පන්තිය,4,6,1,2,361,0,1,long_word
පන්තියක්,5,8,1,2,694,0,1,long_word
පන්තියට,5,7,1,2,694,0,1,long_word
පන්තියේ,4,7,2,2,694,0,1,long_word
පනිමින්,4,7,2,1,694,0,1,long_word
පනිමු,3,5,2,1,232,0,1,vowel_sign
පඳුරු,3,5,2,1,694,1,1,unfamiliar
පපුවේ,3,5,2,1,694,0,1,vowel_sign
පමණක්,4,5,0,1,694,0,1,long_word
පරපුරක්,5,7,1,1,694,0,1,long_word
පරාද,3,4,1,1,694,0,1,unfamiliar
පරිගණක,5,6,1,1,361,0,1,long_word
පරිච්ෙඡ්දයකි,7,12,3,2,694,1,1,long_word
පරිදි,3,5,2,1,694,0,1,vowel_sign
පරිසරයේ,5,7,2,1,694,0,1,long_word
පරෙස්සමින්,6,10,2,1,694,0,1,long_word
පලතුරු,4,6,2,1,694,0,1,long_word
පලාත,3,4,1,1,694,0,1,unfamiliar
පවනි,3,4,1,1,74,0,1,vowel_sign
පස්සෙන්,4,7,1,1,694,0,1,long_word
පස්සේ,3,5,1,1,361,0,1,vowel_sign
පසු,2,3,1,1,694,0,1,unfamiliar
පහන,3,3,0,1,694,0,1,unfamiliar
පහයි,3,4,1,1,694,0,1,vowel_sign
පහළ,3,3,0,1,694,0,1,unfamiliar
පහළට,4,4,0,1,694,0,1,long_word
පළමු,3,4,1,1,694,0,1,unfamiliar
පළමුවන,5,6,1,1,694,0,1,long_word
පළමුවෙනියා,6,10,4,1,694,0,1,long_word
ප්,1,2,0,1,694,0,1,unfamiliar
ප්‍රකාශන,5,8,1,2,42,1,1,long_word
ප්‍රකාශයට,6,9,1,2,694,1,1,long_word
ප්‍රධානතම,6,9,1,2,694,1,1,long_word
ප්‍රවේශයක්,6,10,1,2,694,1,1,long_word
ප්‍රාථමික,5,9,2,2,60,1,1,long_word
ප්‍රිය,3,6,1,2,694,0,1,vowel_sign
ප්‍රේම,3,6,1,2,694,0,1,vowel_sign
පා,1,2,1,1,361,0,1,unfamiliar
පාට,2,3,1,1,19,0,0,none
පාටින්,3,6,2,1,361,0,1,vowel_sign
පාඩම,3,4,1,1,127,0,0,none
පාඩම්,3,5,1,1,361,0,1,unfamiliar
පාඩමෙන්,4,7,2,1,127,0,1,long_word
පාඩුවේ,3,6,3,1,694,0,1,vowel_sign
පාත්ති,3,6,2,1,694,0,1,vowel_sign
පාද,2,3,1,1,694,0,1,unfamiliar
පායා,2,4,2,1,361,0,1,unfamiliar
පාර,2,3,1,1,361,0,1,unfamiliar
පාරට,3,4,1,1,694,0,1,unfamiliar
පාරේ,2,4,2,1,694,0,1,vowel_sign
පාසලට,4,5,1,1,361,0,1,long_word
පාසල්,3,5,1,1,97,0,0,none
පාසලේ,3,5,2,1,694,0,1,vowel_sign
පාළුවේ,3,6,3,1,694,0,1,vowel_sign
පැ,1,2,1,1,694,0,1,vowel_sign
පැංචෝ,2,5,2,1,694,0,1,vowel_sign
පැටව්,3,5,1,1,694,0,1,vowel_sign
පැටවු,3,5,2,1,232,0,1,vowel_sign
පැටවුන්ට,5,8,2,2,694,0,1,long_word
පැටළුණා,4,7,3,1,694,0,1,long_word
පැටළුණු,4,7,3,1,694,0,1,long_word
පැටියා,3,6,3,1,694,0,1,vowel_sign
පැටියාට,4,7,3,1,361,0,1,long_word
පැටියෙක්,4,8,3,1,694,0,1,long_word
පැණි,2,4,2,1,694,0,1,vowel_sign
පැත්තකින්,5,9,2,1,694,0,1,long_word
පැත්තට,4,6,1,1,694,0,1,long_word
පැත්තේ,3,6,2,1,361,0,1,vowel_sign
පැන,2,3,1,1,127,0,1,vowel_sign
පැනගිය,4,6,2,1,694,0,1,long_word
පැන්නා,3,6,2,1,127,0,1,vowel_sign
පැනිල්ල,4,7,2,1,361,0,1,long_word
පැවරෙන,4,6,2,1,694,0,1,long_word
පැහැදිලි,4,8,4,1,694,0,1,long_word
පැහැදිලියි,5,10,5,1,694,0,1,long_word
පැහැදිලිව,5,9,4,1,361,0,1,long_word
පැහුණා,3,6,3,1,694,0,1,vowel_sign
පැළ,2,3,1,1,361,0,1,vowel_sign
පෑ,1,2,1,1,694,0,1,vowel_sign
පෑනයි,3,5,2,1,694,0,1,vowel_sign
පි,1,2,1,1,694,0,1,vowel_sign
පිටකවර,5,6,1,1,694,0,1,long_word
පිටත්,3,5,1,1,694,0,1,vowel_sign
පිටියේ,3,6,3,1,694,0,1,vowel_sign
පිටිවහලක්,6,9,2,1,694,0,1,long_word
පිටු,2,4,2,1,361,0,1,vowel_sign
පින්තූර,4,7,2,2,127,0,1,long_word
පිනුමක්,4,7,2,1,694,0,1,long_word
පිනුම්,3,6,2,1,694,0,1,vowel_sign
පිපිලා,3,6,3,1,361,0,1,vowel_sign
පියවර,4,5,1,1,694,0,1,long_word
පියා,2,4,2,1,172,0,1,vowel_sign
පියාගේ,3,6,3,1,694,0,1,vowel_sign
පියාට,3,5,2,1,361,0,1,vowel_sign
පිරි,2,4,2,1,694,0,1,vowel_sign
පිරිලා,3,6,3,1,694,0,1,vowel_sign
පිරිසිදු,4,8,4,1,694,0,1,long_word
පිරුණු,3,6,3,1,361,0,1,vowel_sign
පිස,2,3,1,1,694,0,1,vowel_sign
පිහිටි,3,6,3,1,694,0,1,vowel_sign
පිළිගත්තා,5,9,3,1,694,0,1,long_word
පිළිගනු,4,7,3,1,694,0,1,long_word
පිළිතුර,4,7,3,1,694,0,1,long_word
පිළිබඳ,4,6,2,1,361,1,1,long_word
පිළිවෙළකට,6,9,3,1,694,0,1,long_word
පී,1,2,1,1,694,0,1,vowel_sign
පීඨාධිපති,5,9,4,1,694,1,1,long_word
පීන,2,3,1,1,361,0,1,vowel_sign
පීනනවා,4,6,2,1,172,0,1,long_word
පීනන්න,4,6,1,1,694,0,1,long_word
පීනා,2,4,2,1,694,0,1,vowel_sign
පු,1,2,1,1,694,0,1,unfamiliar
පුංචි,2,5,2,1,4,0,1,vowel_sign
පුටු,2,4,2,1,694,0,1,unfamiliar
පුටුවක්,4,7,2,1,694,0,1,long_word
පුත්තු,3,6,2,1,127,0,0,none
පුත්‍රයෝ,4,8,2,2,694,0,1,long_word
පුතා,2,4,2,1,31,0,0,none
පුතාගේ,3,6,3,1,361,0,1,vowel_sign
පුතාලා,3,6,3,1,361,0,1,unfamiliar
පුතු,2,4,2,1,694,0,1,unfamiliar
පුතුන්,3,6,2,1,694,0,1,unfamiliar
පුතේ,2,4,2,1,361,0,1,vowel_sign
පුද්ගලික,5,8,2,2,694,0,1,long_word
පුදුමයි,4,7,3,1,232,0,1,long_word
පුබුදු,3,6,3,1,694,0,1,unfamiliar
පුරවන්නේ,5,8,2,1,361,0,1,long_word
පුරවා,3,5,2,1,694,0,1,unfamiliar
පුරවැසියකු,6,10,4,1,694,0,1,long_word
පුරවැසියන්,6,10,3,1,694,0,1,long_word
පුරා,2,4,2,1,694,0,1,unfamiliar
පුරුද්දෙන්,5,10,3,1,694,0,1,long_word
පුරුදු,3,6,3,1,694,0,1,unfamiliar
පුවරුව,4,6,2,1,694,0,1,long_word
පුවරුවක්,5,8,2,1,694,0,1,long_word
පුවරුවෙන්,5,9,3,1,694,0,1,long_word
පුවරුවේ,4,7,3,1,694,0,1,long_word
පුහුල්,3,6,2,1,42,0,0,none
පුළුන්,3,6,2,1,694,0,1,unfamiliar
පුළුවන්,4,7,2,1,361,0,1,long_word
පූ,1,2,1,1,694,0,1,unfamiliar
පූජා,2,4,2,1,694,0,1,unfamiliar
පූර්ණ,3,5,1,2,694,0,1,unfamiliar
පූර්ව,3,5,1,2,694,0,1,unfamiliar
පෙ,1,2,1,1,694,0,1,vowel_sign
පෙට්ටි,3,6,2,1,694,0,1,vowel_sign
පෙත්ත,3,5,1,1,694,0,1,vowel_sign
පෙන්නුවා,4,8,3,1,361,0,1,long_word
පෙන්වන්නම්,6,10,1,2,694,0,1,long_word
පෙනුණා,3,6,3,1,361,0,1,vowel_sign
පෙනෙන,3,5,2,1,232,0,1,vowel_sign
පෙනෙනවා,4,7,3,1,694,0,1,long_word
පෙනෙන්නේ,4,8,3,1,694,0,1,long_word
පෙර,2,3,1,1,694,0,1,vowel_sign
පෙරවදන,5,6,1,1,694,0,1,long_word
පෙළට,3,4,1,1,361,0,1,vowel_sign
පෙළපොත,4,6,2,1,232,0,1,long_word
පෙළපොත්,4,7,2,1,694,0,1,long_word
පෙළපොතෙහි,5,9,4,1,694,0,1,long_word
පේ,1,2,1,1,694,0,1,vowel_sign
පේනවා,3,5,2,1,694,0,1,vowel_sign
පේර,2,3,1,1,694,0,1,vowel_sign
පේරගසේ,4,6,2,1,694,0,1,long_word
පේළිය,3,5,2,1,694,0,1,vowel_sign
පේළියට,4,6,2,1,232,0,1,long_word
පො,1,2,1,1,694,0,1,vowel_sign
පොකුණක්,4,7,2,1,694,0,1,long_word
පොකුරක්,4,7,2,1,694,0,1,long_word
පොකුරු,3,6,3,1,232,0,1,vowel_sign
පොත,2,3,1,1,127,0,1,vowel_sign
පොතක,3,4,1,1,694,0,1,vowel_sign
පොතක්,3,5,1,1,361,0,1,vowel_sign
පොත්,2,4,1,1,24,0,1,vowel_sign
පොතේ,2,4,2,1,232,0,1,vowel_sign
පොරමඬල,5,6,1,1,694,0,1,long_word
පොල්,2,4,1,1,694,0,1,vowel_sign
පොවා,2,4,2,1,694,0,1,vowel_sign
පොළ,2,3,1,1,232,0,1,vowel_sign
පොළක්,3,5,1,1,694,0,1,vowel_sign
පොළට,3,4,1,1,361,0,1,vowel_sign
පොළේ,2,4,2,1,694,0,1,vowel_sign
පොළොව,3,5,2,1,694,0,1,vowel_sign
පොළොවට,4,6,2,1,694,0,1,long_word
පෝ,1,2,1,1,694,0,1,vowel_sign
පෝච්චිවල,5,8,2,1,694,0,1,long_word
පෝෂණය,4,5,1,1,694,1,1,long_word
ඵලදායී,4,6,2,1,694,1,1,long_word
බ,1,1,0,1,361,0,1,unfamiliar
බට්ටා,3,5,1,1,172,0,0,none
බටු,2,3,1,1,694,0,1,unfamiliar
බඩගිනි,4,6,2,1,694,0,1,long_word
බඩගිනියි,5,8,3,1,694,0,1,long_word
බඩු,2,3,1,1,127,0,0,none
බඩුවක්,4,6,1,1,694,0,1,long_word
බණ්ඩක්කා,5,8,1,2,361,0,1,long_word
බණ්ඩාරවෙල,6,9,2,2,361,0,1,long_word
බත්,2,3,0,1,361,0,1,unfamiliar
බත්තරමුල්ල,7,10,1,1,694,0,1,long_word
බබළනවා,5,6,1,1,694,0,1,long_word
බබළයි,4,5,1,1,694,0,1,long_word
බය,2,2,0,1,694,0,1,unfamiliar
බයිසිකල්,5,8,2,1,694,0,1,long_word
බරට,3,3,0,1,694,0,1,unfamiliar
බලන්,3,4,0,1,694,0,1,unfamiliar
බලන්න,4,5,0,1,97,0,1,long_word
බලන්නකෝ,5,7,1,1,694,0,1,long_word
බලපෑම්,4,6,1,1,694,0,1,long_word
බලලා,3,4,1,1,694,0,1,unfamiliar
බලා,2,3,1,1,74,0,0,none
බලාගෙන,4,6,2,1,694,0,1,long_word
බලාපොරොත්තු,6,11,4,1,74,0,1,long_word
බව,2,2,0,1,361,0,1,unfamiliar
බසය,3,3,0,1,694,0,1,unfamiliar
බස්,2,3,0,1,42,0,0,none
බහ,2,2,0,1,694,0,1,unfamiliar
බ්,1,2,0,1,694,0,1,unfamiliar
බා,1,2,1,1,694,0,1,unfamiliar
බැ,1,2,1,1,694,0,1,vowel_sign
බැගින්,3,6,2,1,694,0,1,vowel_sign
බැන්දේ,3,6,2,2,694,0,1,vowel_sign
බැඳලා,3,5,2,1,694,1,1,vowel_sign
බැරි,2,4,2,1,361,0,1,vowel_sign
බැරිව,3,5,2,1,694,0,1,vowel_sign
බැලීමට,4,6,2,1,694,0,1,long_word
බැලුවා,3,6,3,1,97,0,1,vowel_sign
බැලුවේ,3,6,3,1,694,0,1,vowel_sign
බැවිනා,3,6,3,1,694,0,1,vowel_sign
බැස්සා,3,6,2,1,361,0,1,vowel_sign
බැහැ,2,4,2,1,232,0,1,vowel_sign
බෑ,1,2,1,1,694,0,1,vowel_sign
බෑගය,3,4,1,1,694,0,1,vowel_sign
බි,1,2,1,1,694,0,1,vowel_sign
බිංදු,2,5,2,1,694,0,1,vowel_sign
බිත්තියේ,4,8,3,1,694,0,1,long_word
බිම,2,3,1,1,694,0,1,vowel_sign
බිමට,3,4,1,1,694,0,1,vowel_sign
බිල්,2,4,1,1,694,0,1,vowel_sign
බිහි,2,4,2,1,694,0,1,vowel_sign
බී,1,2,1,1,694,0,1,vowel_sign
බීචි,2,4,2,1,694,0,1,vowel_sign
බු,1,2,1,1,694,0,1,unfamiliar
බුබුළු,3,6,3,1,361,0,1,unfamiliar
බුලත්,3,5,1,1,694,0,1,unfamiliar
බූ,1,2,1,1,694,0,1,unfamiliar
බෙ,1,2,1,1,694,0,1,vowel_sign
බෙදනවා,4,6,2,1,694,0,1,long_word
බෙදන්නේ,4,7,2,1,694,0,1,long_word
බෙදා,2,4,2,1,361,0,1,vowel_sign
බෙදුවා,3,6,3,1,694,0,1,vowel_sign
බෙරයට,4,5,1,1,694,0,1,long_word
බෙහෙතුත්,4,8,3,1,694,0,1,long_word
බේ,1,2,1,1,694,0,1,vowel_sign
බේරා,2,4,2,1,232,0,1,vowel_sign
බේරුණා,3,6,3,1,694,0,1,vowel_sign
බො,1,2,1,1,694,0,1,vowel_sign
බොනවා,3,5,2,1,232,0,1,vowel_sign
බොන්න,3,5,1,1,694,0,1,vowel_sign
බොමු,2,4,2,1,694,0,1,vowel_sign
බොහොම,3,5,2,1,361,0,1,vowel_sign
බෝ,1,2,1,1,361,0,1,vowel_sign
බෝතල්,3,5,1,1,694,0,1,vowel_sign
බෝල,2,3,1,1,361,0,1,vowel_sign
භක්ති,3,5,1,2,361,0,1,vowel_sign
භාර,2,3,1,1,694,0,1,unfamiliar
භාෂා,2,4,2,1,694,1,1,unfamiliar
භූමි,2,4,2,1,694,0,1,vowel_sign
භූමිය,3,5,2,1,694,0,1,vowel_sign
භේද,2,3,1,1,694,0,1,vowel_sign
ම,1,1,0,1,1,0,0,none
මං,1,2,0,1,53,0,0,none
මකුළු,3,5,2,1,232,0,0,none
මකුළුවා,4,7,3,1,232,0,1,long_word
මගින්,3,5,1,1,127,0,1,vowel_sign
මගේ,2,3,1,1,42,0,1,vowel_sign
මඟුල්,3,5,1,1,361,1,1,unfamiliar
මට,2,2,0,1,60,0,0,none
මටත්,3,4,0,1,232,0,0,none
මණ්ඩලය,5,6,0,2,694,0,1,long_word
මණ්ඩලයටත්,7,9,0,2,361,0,1,long_word
මත,2,2,0,1,361,0,1,unfamiliar
මතු,2,3,1,1,694,0,1,unfamiliar
මතුවන,4,5,1,1,694,0,1,long_word
මද්දුම,4,6,1,1,694,0,1,long_word
මධ්‍ය,3,5,0,2,694,1,1,unfamiliar
මධ්‍යස්ථානය,7,11,1,2,694,1,1,long_word
මනසට,4,4,0,1,694,0,1,long_word
මනුක,3,4,1,1,21,0,0,none
මනුකගේ,4,6,2,1,127,0,1,long_word
මනුකට,4,5,1,1,232,0,1,long_word
මම,2,2,0,1,127,0,0,none
මමත්,3,4,0,1,694,0,1,unfamiliar
මයා,2,3,1,1,97,0,0,none
මල,2,2,0,1,361,0,1,unfamiliar
මලක්,3,4,0,1,232,0,0,none
මල්,2,3,0,1,15,0,0,none
මල්ලි,3,5,1,1,361,0,1,vowel_sign
මලී,2,3,1,1,127,0,1,vowel_sign
මලීට,3,4,1,1,694,0,1,vowel_sign
මලේ,2,3,1,1,232,0,1,vowel_sign
මවකගෙ,4,5,1,1,694,0,1,long_word
මව්,2,3,0,1,694,0,1,unfamiliar
මව්පියෝ,4,7,2,2,694,0,1,long_word
මහ,2,2,0,1,361,0,1,unfamiliar
මහන්සි,4,6,1,2,361,0,1,long_word
මහන්සියට,6,8,1,2,361,0,1,long_word
මහරගම,5,5,0,1,694,0,1,long_word
මහා,2,3,1,1,361,0,1,unfamiliar
ම්,1,2,0,1,694,0,1,unfamiliar
මා,1,2,1,1,694,0,1,unfamiliar
මාංසපේශි,4,8,3,1,361,1,1,long_word
මාතා,2,4,2,1,60,0,0,none
මාධවන්,4,6,1,1,232,1,1,long_word
මානසික,4,6,2,1,694,0,1,long_word
මාමා,2,4,2,1,172,0,0,none
මාරු,2,4,2,1,361,0,1,unfamiliar
මාලාව,3,5,2,1,694,0,1,unfamiliar
මාලාවක්,4,7,2,1,694,0,1,long_word
මාළු,2,4,2,1,97,0,0,none
මාළුවා,3,6,3,1,232,0,0,none
මාළුවාගේ,4,8,4,1,694,0,1,long_word
මාළුවෙක්,4,8,3,1,232,0,1,long_word
මාළුවෝ,3,6,3,1,172,0,1,vowel_sign
මැ,1,2,1,1,694,0,1,vowel_sign
මැටි,2,4,2,1,232,0,1,vowel_sign
මැණික්,3,6,2,1,694,0,1,vowel_sign
මැදට,3,4,1,1,694,0,1,vowel_sign
මැද්දේ,3,6,2,1,694,0,1,vowel_sign
මැදුර,3,5,2,1,694,0,1,vowel_sign
මැන,2,3,1,1,361,0,1,vowel_sign
මෑ,1,2,1,1,694,0,1,vowel_sign
මෑකරල්,4,6,1,1,694,0,1,long_word
මි,1,2,1,1,694,0,1,vowel_sign
මිටියක්,4,7,2,1,694,0,1,long_word
මිටියයි,4,7,3,1,694,0,1,long_word
මිතුරු,3,6,3,1,694,0,1,vowel_sign
මිදුලට,4,6,2,1,694,0,1,long_word
මිදුලේ,3,6,3,1,694,0,1,vowel_sign
මින්,2,4,1,1,694,0,1,vowel_sign
මිනිස්සු,4,8,3,1,694,0,1,long_word
මිය,2,3,1,1,74,0,1,vowel_sign
මිරිස්,3,6,2,1,694,0,1,vowel_sign
මිල,2,3,1,1,232,0,1,vowel_sign
මිස,2,3,1,1,694,0,1,vowel_sign
මී,1,2,1,1,694,0,1,vowel_sign
මු,1,2,1,1,694,0,1,unfamiliar
මුංකැවුම්,4,9,3,1,694,0,1,long_word
මුක්තිය,4,7,2,2,694,0,1,long_word
මුකුණුවැන්න,6,11,4,1,232,0,1,long_word
මුදලාලිලා,5,9,4,1,694,0,1,long_word
මුද්‍රණය,5,8,1,2,232,0,1,long_word
මුදුනේ,3,6,3,1,694,0,1,vowel_sign
මුමුණනවා,5,8,3,1,694,0,1,long_word
මුල්ලක,4,6,1,1,694,0,1,long_word
මුලු,2,4,2,1,694,0,1,unfamiliar
මුව,2,3,1,1,694,0,1,unfamiliar
මුහුද,3,5,2,1,172,0,0,none
මුහුදින්,4,8,3,1,694,0,1,long_word
මුහුදෙ,3,6,3,1,694,0,1,vowel_sign
මූ,1,2,1,1,694,0,1,unfamiliar
මූලික,3,5,2,1,97,0,1,vowel_sign
මෙ,1,2,1,1,694,0,1,vowel_sign
මෙගොඩ,3,5,2,1,361,0,1,vowel_sign
මෙතන,3,4,1,1,694,0,1,vowel_sign
මෙන්,2,4,1,1,694,0,1,vowel_sign
මෙන්න,3,5,1,1,694,0,1,vowel_sign
මෙම,2,3,1,1,127,0,1,vowel_sign
මෙමගින්,4,7,2,1,361,0,1,long_word
මෙමඟින්,4,7,2,1,694,1,1,long_word
මෙය,2,3,1,1,694,0,1,vowel_sign
මෙහා,2,4,2,1,694,0,1,vowel_sign
මෙහාට,3,5,2,1,361,0,1,vowel_sign
මෙහෙට,3,5,2,1,361,0,1,vowel_sign
මෙහෙයවීම,5,8,3,1,694,0,1,long_word
මේ,1,2,1,1,9,0,1,vowel_sign
මේවා,2,4,2,1,694,0,1,vowel_sign
මේසය,3,4,1,1,361,0,1,vowel_sign
මේසයක්,4,6,1,1,694,0,1,long_word
මො,1,2,1,1,694,0,1,vowel_sign
මොක,2,3,1,1,694,0,1,vowel_sign
මොකට,3,4,1,1,694,0,1,vowel_sign
මොකද,3,4,1,1,361,0,1,vowel_sign
මොට්ටු,3,6,2,1,694,0,1,vowel_sign
මොනව,3,4,1,1,361,0,1,vowel_sign
මොනවද,4,5,1,1,694,0,1,long_word
මොනවා,3,5,2,1,694,0,1,vowel_sign
මොනවාදෝ,4,7,3,1,694,0,1,long_word
මෝ,1,2,1,1,694,0,1,vowel_sign
ඹ,1,1,0,1,361,1,1,unfamiliar
ඹ්,1,2,0,1,694,1,1,unfamiliar
ඹා,1,2,1,1,694,1,1,unfamiliar
ඹැ,1,2,1,1,694,1,1,vowel_sign
ඹෑ,1,2,1,1,694,1,1,vowel_sign
ඹි,1,2,1,1,694,1,1,vowel_sign
ඹී,1,2,1,1,694,1,1,vowel_sign
ඹු,1,2,1,1,694,1,1,unfamiliar
ඹූ,1,2,1,1,694,1,1,unfamiliar
ඹෙ,1,2,1,1,694,1,1,vowel_sign
ඹේ,1,2,1,1,694,1,1,vowel_sign
ඹො,1,2,1,1,694,1,1,vowel_sign
ඹෝ,1,2,1,1,694,1,1,vowel_sign
ය,1,1,0,1,36,0,0,none
යක්කල,4,5,0,1,694,0,1,long_word
යට,2,2,0,1,232,0,0,none
යටට,3,3,0,1,232,0,0,none
යටත්,3,4,0,1,694,0,1,unfamiliar
යටිගල්ඔලුව,6,10,2,1,694,0,1,long_word
යන,2,2,0,1,172,0,0,none
යනවා,3,4,1,1,42,0,0,none
යන්න,3,4,0,1,60,0,0,none
යන්නේ,3,5,1,1,97,0,1,vowel_sign
යනු,2,3,1,1,361,0,1,unfamiliar
යමු,2,3,1,1,60,0,0,none
යමූ,2,3,1,1,694,0,1,unfamiliar
යයිදෝ,3,5,2,1,694,0,1,vowel_sign
යවමු,3,4,1,1,694,0,1,unfamiliar
යහපත්,4,5,0,1,361,0,1,long_word
යහළුවන්,5,7,1,1,694,0,1,long_word
ය්,1,2,0,1,694,0,1,unfamiliar
යා,1,2,1,1,694,0,1,unfamiliar
යානයක්,4,6,1,1,232,0,1,long_word
යානයකින්,5,8,2,1,694,0,1,long_word
යාළු,2,4,2,1,232,0,0,none
යාළුවෙක්,4,8,3,1,694,0,1,long_word
යාළුවේ,3,6,3,1,361,0,1,vowel_sign
යාළුවොත්,4,8,3,1,694,0,1,long_word
යාළුවෝ,3,6,3,1,97,0,1,vowel_sign
යැ,1,2,1,1,694,0,1,vowel_sign
යෑ,1,2,1,1,694,0,1,vowel_sign
යි,1,2,1,1,694,0,1,vowel_sign
යී,1,2,1,1,694,0,1,vowel_sign
යු,1,2,1,1,694,0,1,unfamiliar
යූ,1,2,1,1,694,0,1,unfamiliar
යෙ,1,2,1,1,694,0,1,vowel_sign
යෙදී,2,4,2,1,361,0,1,vowel_sign
යෙදීමේ,3,6,3,1,694,0,1,vowel_sign
යෙදෙන,3,5,2,1,361,0,1,vowel_sign
යේ,1,2,1,1,694,0,1,vowel_sign
යො,1,2,1,1,694,0,1,vowel_sign
යොදා,2,4,2,1,694,0,1,vowel_sign
යොමු,2,4,2,1,127,0,1,vowel_sign
යෝ,1,2,1,1,694,0,1,vowel_sign
ර,1,1,0,1,232,0,0,none
රංචු,2,4,1,1,232,0,0,none
රට,2,2,0,1,694,0,1,unfamiliar
රටට,3,3,0,1,694,0,1,unfamiliar
රටේ,2,3,1,1,694,0,1,vowel_sign
රණසූරිය,5,7,2,1,694,0,1,long_word
රණ්ඩු,3,5,1,2,694,0,1,unfamiliar
රතනාලංකාර,6,9,2,1,694,0,1,long_word
රත්තරං,4,6,0,1,232,0,1,long_word
රත්නායක,5,7,1,2,694,0,1,long_word
රතු,2,3,1,1,232,0,0,none
රතුයි,3,5,2,1,694,0,1,vowel_sign
රථ,2,2,0,1,694,1,1,unfamiliar
රථය,3,3,0,1,361,1,1,unfamiliar
රථයට,4,4,0,1,694,1,1,long_word
රන්,2,3,0,1,53,0,0,none
රබන්,3,4,0,1,172,0,0,none
රම්පෙ,3,5,1,2,694,0,1,vowel_sign
රම්‍යා,3,6,1,2,694,0,1,unfamiliar
රවුමට,4,5,1,1,361,0,1,long_word
රෂීඩ්,3,5,1,1,127,1,1,vowel_sign
රස,2,2,0,1,232,0,0,none
රසයි,3,4,1,1,361,0,1,vowel_sign
රහස,3,3,0,1,694,0,1,unfamiliar
ර්,1,2,0,1,694,0,1,unfamiliar
රා,1,2,1,1,694,0,1,unfamiliar
රාධා,2,4,2,1,361,1,1,unfamiliar
රාධාත්,3,6,2,1,694,1,1,unfamiliar
රාබු,2,4,2,1,694,0,1,unfamiliar
රාමලා,3,5,2,1,694,0,1,unfamiliar
රාමා,2,4,2,1,694,0,1,unfamiliar
රැ,1,2,1,1,694,0,1,vowel_sign
රැගෙන,3,5,2,1,694,0,1,vowel_sign
රැයින්,3,6,2,1,694,0,1,vowel_sign
රැල්ල,3,5,1,1,694,0,1,vowel_sign
රැලි,2,4,2,1,694,0,1,vowel_sign
රැස්,2,4,1,1,694,0,1,vowel_sign
රෑ,1,2,1,1,232,0,1,vowel_sign
රි,1,2,1,1,694,0,1,vowel_sign
රිංගුවා,3,7,3,1,694,0,1,vowel_sign
රිද්මයට,5,7,1,2,694,0,1,long_word
රිදුණ,3,5,2,1,694,0,1,vowel_sign
රී,1,2,1,1,694,0,1,vowel_sign
රු,1,2,1,1,694,0,1,unfamiliar
රුකුල්,3,6,2,1,694,0,1,unfamiliar
රුපියල්,4,7,2,1,232,0,1,long_word
රුවන්වැල්ල,6,10,2,2,694,0,1,long_word
රූ,1,2,1,1,694,0,1,unfamiliar
රූං,1,3,1,1,74,0,0,none
රූප,2,3,1,1,361,0,1,unfamiliar
රූපය,3,4,1,1,361,0,1,unfamiliar
රූපයේ,3,5,2,1,361,0,1,vowel_sign
රූපවල,4,5,1,1,694,0,1,long_word
රෙ,1,2,1,1,694,0,1,vowel_sign
රේ,1,2,1,1,694,0,1,vowel_sign
රේඛාව,3,5,2,1,694,1,1,vowel_sign
රො,1,2,1,1,694,0,1,vowel_sign
රොකට්,3,5,1,1,694,0,1,vowel_sign
රෝ,1,2,1,1,694,0,1,vowel_sign
රෝහිණී,3,6,3,1,694,0,1,vowel_sign
ල,1,1,0,1,361,0,1,unfamiliar
ලංකා,2,4,1,1,97,0,0,none
ලකුණු,3,5,2,1,361,0,1,unfamiliar
ලදි,2,3,1,1,694,0,1,vowel_sign
ලබන,3,3,0,1,232,0,0,none
ලබන්නේ,4,6,1,1,694,0,1,long_word
ලබා,2,3,1,1,97,0,0,none
ලස්සන,4,5,0,1,36,0,1,long_word
ලස්සනට,5,6,0,1,361,0,1,long_word
ලස්සනයි,5,7,1,1,74,0,1,long_word
ල්,1,2,0,1,694,0,1,unfamiliar
ලා,1,2,1,1,694,0,1,unfamiliar
ලැ,1,2,1,1,694,0,1,vowel_sign
ලැබුණා,3,6,3,1,232,0,1,vowel_sign
ලැබුණු,3,6,3,1,361,0,1,vowel_sign
ලැබුණේ,3,6,3,1,694,0,1,vowel_sign
ලැබෙන්නේ,4,8,3,1,361,0,1,long_word
ලැබේ,2,4,2,1,694,0,1,vowel_sign
ලැබේවි,3,6,3,1,694,0,1,vowel_sign
ලෑ,1,2,1,1,694,0,1,vowel_sign
ලෑල්ලේ,3,6,2,1,694,0,1,vowel_sign
ලි,1,2,1,1,694,0,1,vowel_sign
ලියදි,3,5,2,1,694,0,1,vowel_sign
ලියන්න,4,6,1,1,694,0,1,long_word
ලියන්නේ,4,7,2,1,694,0,1,long_word
ලිවීමේ,3,6,3,1,361,0,1,vowel_sign
ලී,1,2,1,1,694,0,1,vowel_sign
ලු,1,2,1,1,694,0,1,unfamiliar
ලූ,1,2,1,1,694,0,1,unfamiliar
ලෙ,1,2,1,1,694,0,1,vowel_sign
ලෙඩ,2,3,1,1,361,0,1,vowel_sign
ලෙස,2,3,1,1,172,0,1,vowel_sign
ලේ,1,2,1,1,694,0,1,vowel_sign
ලේඛක,3,4,1,1,361,1,1,vowel_sign
ලේන්,2,4,1,1,60,0,1,vowel_sign
ලේනා,2,4,2,1,232,0,1,vowel_sign
ලො,1,2,1,1,694,0,1,vowel_sign
ලොකු,2,4,2,1,172,0,1,vowel_sign
ලොකුයි,3,6,3,1,361,0,1,vowel_sign
ලොව,2,3,1,1,694,0,1,vowel_sign
ලෝ,1,2,1,1,694,0,1,vowel_sign
ලෝකයට,4,5,1,1,694,0,1,long_word
ලෝකයේ,3,5,2,1,694,0,1,vowel_sign
ව,1,1,0,1,60,0,0,none
වංගු,2,4,1,1,694,0,1,unfamiliar
වගකීමකි,5,7,2,1,694,0,1,long_word
වගා,2,3,1,1,127,0,0,none
වගෙයි,3,5,2,1,694,0,1,vowel_sign
වගේ,2,3,1,1,11,0,1,vowel_sign
වට,2,2,0,1,361,0,1,unfamiliar
වටපිට,4,5,1,1,361,0,1,long_word
වටේ,2,3,1,1,361,0,1,vowel_sign
වඩවමින,5,6,1,1,694,0,1,long_word
වඩා,2,3,1,1,361,0,1,unfamiliar
වඩාත්,3,5,1,1,172,0,0,none
වත්ත,3,4,0,1,232,0,0,none
වත්තට,4,5,0,1,694,0,1,long_word
වත්තේ,3,5,1,1,172,0,1,vowel_sign
වතුර,3,4,1,1,36,0,0,none
වතුරත්,4,6,1,1,694,0,1,long_word
වතුරේ,3,5,2,1,694,0,1,vowel_sign
වන,2,2,0,1,127,0,0,none
වන්නේ,3,5,1,1,127,0,1,vowel_sign
වනු,2,3,1,1,694,0,1,unfamiliar
වඳිමු,3,5,2,1,694,1,1,vowel_sign
වපුරන්න,5,7,1,1,694,0,1,long_word
වම්බටු,4,6,1,2,694,0,1,long_word
වමේ,2,3,1,1,694,0,1,vowel_sign
වයඹ,3,3,0,1,694,1,1,unfamiliar
වරදින්නේ,5,8,2,1,694,0,1,long_word
වරල්,3,4,0,1,361,0,1,unfamiliar
වර්ධනය,5,6,0,2,361,1,1,long_word
වර්ෂයේ,4,6,1,2,694,1,1,long_word
වල්ගා,3,5,1,2,694,0,1,unfamiliar
වලාකුළේ,4,7,3,1,74,0,1,long_word
වවමු,3,4,1,1,172,0,0,none
වශයෙන්,4,6,1,1,694,1,1,long_word
වස්තු,3,5,1,2,694,0,1,unfamiliar
වසු,2,3,1,1,694,0,1,unfamiliar
ව්,1,2,0,1,694,0,1,unfamiliar
වා,1,2,1,1,694,0,1,unfamiliar
වාග්,2,4,1,1,694,0,1,unfamiliar
වාගිරි,3,6,3,1,694,0,1,vowel_sign
වාගෙ,2,4,2,1,694,0,1,vowel_sign
වාගේ,2,4,2,1,232,0,1,vowel_sign
වාඩි,2,4,2,1,127,0,1,vowel_sign
වාරම්,3,5,1,1,694,0,1,unfamiliar
වාහන,3,4,1,1,694,0,1,unfamiliar
වැ,1,2,1,1,694,0,1,vowel_sign
වැටුණා,3,6,3,1,694,0,1,vowel_sign
වැඩ,2,3,1,1,232,0,1,vowel_sign
වැඩට,3,4,1,1,694,0,1,vowel_sign
වැඩත්,3,5,1,1,694,0,1,vowel_sign
වැඩදායී,4,7,3,1,694,0,1,long_word
වැඩපොත,4,6,2,1,694,0,1,long_word
වැදගත්,4,6,1,1,694,0,1,long_word
වැදෙනවා,4,7,3,1,694,0,1,long_word
වැනි,2,4,2,1,361,0,1,vowel_sign
වැනෙනවා,4,7,3,1,694,0,1,long_word
වැඳලා,3,5,2,1,361,1,1,vowel_sign
වැපුරුවා,4,8,4,1,694,0,1,long_word
වැලක්,3,5,1,1,694,0,1,vowel_sign
වැල්,2,4,1,1,694,0,1,vowel_sign
වැල්ල,3,5,1,1,694,0,1,vowel_sign
වැල්ලෙ,3,6,2,1,694,0,1,vowel_sign
වැලේ,2,4,2,1,694,0,1,vowel_sign
වැව,2,3,1,1,694,0,1,vowel_sign
වැව්,2,4,1,1,172,0,1,vowel_sign
වැස්සට,4,6,1,1,361,0,1,long_word
වැහි,2,4,2,1,694,0,1,vowel_sign
වෑ,1,2,1,1,694,0,1,vowel_sign
වි,1,2,1,1,361,0,1,vowel_sign
වික්‍රමසේකර,7,11,2,2,694,0,1,long_word
වික්‍රමාරච්චි,7,13,3,2,694,0,1,long_word
විකුණන්නේ,5,9,3,1,694,0,1,long_word
විකුණුවා,4,8,4,1,361,0,1,long_word
විජේසිංහ,4,8,3,1,694,0,1,long_word
විට,2,3,1,1,694,0,1,vowel_sign
විතානගේ,4,7,3,1,694,0,1,long_word
විද්‍යා,3,7,2,2,694,0,1,vowel_sign
විද්‍යාපීඨය,6,11,3,2,361,1,1,long_word
විද්‍යාලය,5,9,2,2,172,0,1,long_word
විදිහෙ,3,6,3,1,694,0,1,vowel_sign
වින්දනය,5,7,1,2,361,0,1,long_word
විනෝද,3,5,2,1,694,0,1,vowel_sign
විනෝදයි,4,7,3,1,694,0,1,long_word
විඳ,2,3,1,1,694,1,1,vowel_sign
විය,2,3,1,1,694,0,1,vowel_sign
වියන්න,4,6,1,1,127,0,1,long_word
විරාජ්,3,6,2,1,694,0,1,vowel_sign
විවේක,3,5,2,1,694,0,1,vowel_sign
විශ්ලේෂණය,6,9,2,2,694,1,1,long_word
විශ්‍රාමලත්,6,11,2,2,694,1,1,long_word
විශ්‍රාමික,5,10,3,2,694,1,1,long_word
විශාල,3,5,2,1,694,1,1,vowel_sign
විශේෂ,3,5,2,1,361,1,1,vowel_sign
විෂය,3,4,1,1,361,1,1,vowel_sign
විසින්,3,6,2,1,694,0,1,vowel_sign
විහිදෙනවා,5,9,4,1,694,0,1,long_word
වී,1,2,1,1,42,0,1,vowel_sign
වීර්ය,3,5,1,2,694,0,1,vowel_sign
වු,1,2,1,1,694,0,1,unfamiliar
වුණත්,3,5,1,1,694,0,1,unfamiliar
වුණා,2,4,2,1,4,0,0,none
වුණේ,2,4,2,1,361,0,1,vowel_sign
වූ,1,2,1,1,361,0,1,unfamiliar
වෙ,1,2,1,1,694,0,1,vowel_sign
වෙත,2,3,1,1,232,0,1,vowel_sign
වෙන,2,3,1,1,232,0,1,vowel_sign
වෙනවා,3,5,2,1,361,0,1,vowel_sign
වෙනස,3,4,1,1,694,0,1,vowel_sign
වෙනස්කම්,5,8,1,2,694,0,1,long_word
වෙන්න,3,5,1,1,60,0,1,vowel_sign
වෙන්නම්,4,7,1,1,694,0,1,long_word
වෙන්නෙ,3,6,2,1,694,0,1,vowel_sign
වෙන්නේ,3,6,2,1,694,0,1,vowel_sign
වෙමු,2,4,2,1,694,0,1,vowel_sign
වෙයි,2,4,2,1,694,0,1,vowel_sign
වෙල,2,3,1,1,694,0,1,vowel_sign
වෙලා,2,4,2,1,74,0,1,vowel_sign
වෙලාව,3,5,2,1,361,0,1,vowel_sign
වෙවුලන්නේ,5,9,3,1,694,0,1,long_word
වෙහෙස,3,5,2,1,361,0,1,vowel_sign
වේ,1,2,1,1,31,0,1,vowel_sign
වේග,2,3,1,1,694,0,1,vowel_sign
වේගයෙන්,4,7,2,1,361,0,1,long_word
වො,1,2,1,1,694,0,1,vowel_sign
වෝ,1,2,1,1,694,0,1,vowel_sign
ශක්ති,3,5,1,2,361,1,1,vowel_sign
ශක්තිමත්,5,8,1,2,694,1,1,long_word
ශබ්දයක්,5,7,0,2,694,1,1,long_word
ශ්‍රී,2,5,1,2,127,1,1,vowel_sign
ශ්‍රේණිය,4,8,2,2,694,1,1,long_word
ශ්‍රේණියෙන්,5,11,3,2,694,1,1,long_word
ශ්‍රේණියේ,4,9,3,2,694,1,1,long_word
ශාරීරික,4,7,3,1,694,1,1,long_word
ශාලාව,3,5,2,1,694,1,1,unfamiliar
ශාලාවක,4,6,2,1,694,1,1,long_word
ශිෂ්‍යයන්,5,9,1,2,694,1,1,long_word
ශිෂ්‍යයා,4,8,2,2,127,1,1,long_word
ශිෂ්‍යයාගේ,5,10,3,2,694,1,1,long_word
ශිෂ්‍යයාට,5,9,2,2,694,1,1,long_word
ස,1,1,0,1,232,0,0,none
සංකල්පවලට,7,9,0,2,694,0,1,long_word
සංගීත,3,5,1,1,361,0,1,vowel_sign
සංජය,3,4,0,1,361,0,1,unfamiliar
සංඥාව,3,5,1,1,694,1,1,unfamiliar
සංයෝජනය,5,7,1,1,694,0,1,long_word
සංවර්ධනය,6,8,0,2,361,1,1,long_word
සංවාද,3,5,1,1,694,0,1,unfamiliar
සංවිධානාත්මක,7,12,3,2,694,1,1,long_word
සංස්කාරක,5,8,1,2,361,0,1,long_word
සකස්,3,4,0,1,232,0,0,none
සඩ,2,2,0,1,694,0,1,unfamiliar
සත්තු,3,5,1,1,127,0,0,none
සත්‍යා,3,6,1,2,694,0,1,unfamiliar
සතුටයි,4,6,2,1,694,0,1,long_word
සතුටින්,4,7,2,1,31,0,1,long_word
සතුටු,3,5,2,1,232,0,0,none
සතුටුයි,4,7,3,1,172,0,1,long_word
සතුටෙන්,4,7,2,1,694,0,1,long_word
සතුන්ගේ,4,7,2,2,694,0,1,long_word
සතුන්ට,4,6,1,2,694,0,1,long_word
සතෙක්,3,5,1,1,694,0,1,vowel_sign
සදනා,3,4,1,1,694,0,1,unfamiliar
සද්දයක්,5,7,0,1,694,0,1,long_word
සද්දෙ,3,5,1,1,694,0,1,vowel_sign
සඳහා,3,4,1,1,74,1,1,consonant_confusion
සපත්තු,4,6,1,1,694,0,1,long_word
සමග,3,3,0,1,172,0,0,none
සමගිය,4,5,1,1,232,0,1,long_word
සමනලයින්,6,8,1,1,694,0,1,long_word
සමන්,3,4,0,1,361,0,1,unfamiliar
සම්පාදනයට,7,9,1,2,694,0,1,long_word
සම්බන්ධ,5,7,0,2,694,1,1,long_word
සම්බන්ධීකරණය,9,12,1,2,694,1,1,long_word
සම්බෝලය,5,7,1,2,361,0,1,long_word
සමාගමෙහි,5,8,3,1,694,0,1,long_word
සමායෝජනය,6,8,2,1,694,0,1,long_word
සමාවෙන්න,5,8,2,1,694,0,1,long_word
සමීප,3,4,1,1,694,0,1,vowel_sign
සරල,3,3,0,1,694,0,1,unfamiliar
සරුංගලය,5,7,1,1,694,0,1,long_word
සරුංගල්,4,7,1,1,694,0,1,long_word
සරුංගලේ,4,7,2,1,694,0,1,long_word
සරුයි,3,5,2,1,694,0,1,vowel_sign
සලකනවා,5,6,1,1,694,0,1,long_word
සවන්,3,4,0,1,232,0,0,none
සවාරියක්,5,8,2,1,694,0,1,long_word
සවිඳු,3,5,2,1,172,1,1,vowel_sign
සවිඳුගෙ,4,7,3,1,694,1,1,long_word
සවිඳුට,4,6,2,1,361,1,1,long_word
සවිඳුත්,4,7,2,1,694,1,1,long_word
සස,2,2,0,1,694,0,1,unfamiliar
සසස,3,3,0,1,694,0,1,unfamiliar
සහ,2,2,0,1,172,0,0,none
සහන්,3,4,0,1,361,0,1,unfamiliar
සහභාගි,4,6,2,1,694,0,1,long_word
සහිත,3,4,1,1,694,0,1,vowel_sign
ස්,1,2,0,1,694,0,1,unfamiliar
ස්තුති,3,6,2,2,361,0,1,vowel_sign
ස්තූතිය,4,7,2,2,694,0,1,long_word
ස්ථානයට,5,7,1,2,361,1,1,long_word
ස්වභාව,4,6,1,2,694,0,1,long_word
ස්වරූපයෙන්,6,10,2,2,694,0,1,long_word
සා,1,2,1,1,694,0,1,unfamiliar
සාමය,3,4,1,1,694,0,1,unfamiliar
සාමූහික,4,7,3,1,361,0,1,long_word
සාරණ,3,4,1,1,694,0,1,unfamiliar
සාර්ථක,4,6,1,2,694,1,1,long_word
සාරිය,3,5,2,1,694,0,1,vowel_sign
සාවධාන,4,6,2,1,694,1,1,long_word
සැ,1,2,1,1,694,0,1,vowel_sign
සැකසී,3,5,2,1,694,0,1,vowel_sign
සැකසුම,4,6,2,1,694,0,1,long_word
සැප,2,3,1,1,694,0,1,vowel_sign
සැම,2,3,1,1,361,0,1,vowel_sign
සැරේ,2,4,2,1,361,0,1,vowel_sign
සැලුවා,3,6,3,1,694,0,1,vowel_sign
සෑ,1,2,1,1,694,0,1,vowel_sign
සි,1,2,1,1,694,0,1,vowel_sign
සිංහයා,3,6,2,1,361,0,1,vowel_sign
සිංහයාගෙන්,5,10,3,1,694,0,1,long_word
සිංහයෙක්,4,8,2,1,694,0,1,long_word
සිංහල,3,5,1,1,127,0,1,vowel_sign
සිකුරාදා,4,8,4,1,694,0,1,long_word
සිඟිති,3,6,3,1,172,1,1,vowel_sign
සිට,2,3,1,1,361,0,1,vowel_sign
සිටියා,3,6,3,1,694,0,1,vowel_sign
සිත,2,3,1,1,694,0,1,vowel_sign
සිත්,2,4,1,1,694,0,1,vowel_sign
සිතුවා,3,6,3,1,694,0,1,vowel_sign
සින්දු,3,6,2,2,172,0,1,vowel_sign
සින්දුවක්,5,9,2,2,361,0,1,long_word
සියලු,3,5,2,1,361,0,1,vowel_sign
සියුම්,3,6,2,1,361,0,1,vowel_sign
සිරි,2,4,2,1,694,0,1,vowel_sign
සිරිබරිනී,5,9,4,1,694,0,1,long_word
සිසුන්ට,4,7,2,2,694,0,1,long_word
සී,1,2,1,1,361,0,1,vowel_sign
සීත,2,3,1,1,694,0,1,vowel_sign
සීතල,3,4,1,1,694,0,1,vowel_sign
සීතලේ,3,5,2,1,694,0,1,vowel_sign
සීනු,2,4,2,1,694,0,1,vowel_sign
සීනුවක්,4,7,2,1,694,0,1,long_word
සීයේ,2,4,2,1,232,0,1,vowel_sign
සු,1,2,1,1,694,0,1,unfamiliar
සුදු,2,4,2,1,74,0,0,none
සුන්දර,4,6,1,2,232,0,1,long_word
සුරල්,3,5,1,1,694,0,1,unfamiliar
සුරැඳි,3,6,3,1,694,1,1,vowel_sign
සුවඳ,3,4,1,1,694,1,1,unfamiliar
සුළං,2,4,1,1,694,0,1,unfamiliar
සුළඟක්,4,6,1,1,361,1,1,long_word
සුළඟෙ,3,5,2,1,694,1,1,vowel_sign
සූ,1,2,1,1,694,0,1,unfamiliar
සූදානම,4,6,2,1,694,0,1,long_word
සූදානම්,4,7,2,1,232,0,1,long_word
සෙ,1,2,1,1,694,0,1,vowel_sign
සෙත,2,3,1,1,694,0,1,vowel_sign
සෙල්ලම්,4,7,1,1,42,0,1,long_word
සේ,1,2,1,1,172,0,1,vowel_sign
සේවය,3,4,1,1,232,0,1,vowel_sign
සො,1,2,1,1,694,0,1,vowel_sign
සොබා,2,4,2,1,361,0,1,vowel_sign
සොයනවා,4,6,2,1,694,0,1,long_word
සොයමි,3,5,2,1,694,0,1,vowel_sign
සොයා,2,4,2,1,694,0,1,vowel_sign
සොලවන්නේ,5,8,2,1,694,0,1,long_word
සෝ,1,2,1,1,694,0,1,vowel_sign
සෝදා,2,4,2,1,694,0,1,vowel_sign
සෝදාලා,3,6,3,1,694,0,1,vowel_sign
සෝබමාන,4,6,2,1,694,0,1,long_word
හ,1,1,0,1,361,0,1,unfamiliar
හණික,3,4,1,1,694,0,1,vowel_sign
හඬ,2,2,0,1,361,0,1,unfamiliar
හඬට,3,3,0,1,694,0,1,unfamiliar
හඬයි,3,4,1,1,694,0,1,vowel_sign
හතර,3,3,0,1,74,0,0,none
හතරැස්,4,6,1,1,694,0,1,long_word
හත්පණ,4,5,0,2,361,0,1,long_word
හති,2,3,1,1,694,0,1,vowel_sign
හද,2,2,0,1,694,0,1,unfamiliar
හදනවා,4,5,1,1,361,0,1,long_word
හදන්න,4,5,0,1,694,0,1,long_word
හදනා,3,4,1,1,694,0,1,unfamiliar
හදමු,3,4,1,1,361,0,1,unfamiliar
හදලා,3,4,1,1,694,0,1,unfamiliar
හදා,2,3,1,1,361,0,1,unfamiliar
හඳ,2,2,0,1,172,1,1,consonant_confusion
හඳට,3,3,0,1,361,1,1,unfamiliar
හඳුන්වා,4,7,2,2,361,1,1,long_word
හඳුනා,3,5,2,1,694,1,1,unfamiliar
හඳේ,2,3,1,1,694,1,1,vowel_sign
හපනෙක්,4,6,1,1,694,0,1,long_word
හමනවා,4,5,1,1,694,0,1,long_word
හම්බ,3,4,0,2,694,0,1,unfamiliar
හයියෙන්,4,7,2,1,232,0,1,long_word
හරහා,3,4,1,1,694,0,1,unfamiliar
හරි,2,3,1,1,3,0,1,vowel_sign
හරිම,3,4,1,1,361,0,1,vowel_sign
හවස,3,3,0,1,694,0,1,unfamiliar
හවසට,4,4,0,1,694,0,1,long_word
හවා,2,3,1,1,694,0,1,unfamiliar
හසල,3,3,0,1,694,0,1,unfamiliar
හසුරු,3,5,2,1,694,0,1,unfamiliar
හ්,1,2,0,1,694,0,1,unfamiliar
හා,1,2,1,1,21,0,0,none
හාදා,2,4,2,1,694,0,1,unfamiliar
හාවා,2,4,2,1,127,0,0,none
හැ,1,2,1,1,232,0,1,vowel_sign
හැංගුණා,3,7,3,1,694,0,1,vowel_sign
හැංගෙනවා,4,8,3,1,694,0,1,long_word
හැක,2,3,1,1,694,0,1,vowel_sign
හැකි,2,4,2,1,361,0,1,vowel_sign
හැකියා,3,6,3,1,694,0,1,vowel_sign
හැකියාව,4,7,3,1,694,0,1,long_word
හැටි,2,4,2,1,361,0,1,vowel_sign
හැඩ,2,3,1,1,232,0,1,vowel_sign
හැඩය,3,4,1,1,361,0,1,vowel_sign
හැත්තෑවයි,5,9,3,1,694,0,1,long_word
හැන්දෑ,3,6,2,2,694,0,1,vowel_sign
හැම,2,3,1,1,97,0,1,vowel_sign
හැමදාමත්,5,8,2,1,694,0,1,long_word
හැමුවා,3,6,3,1,694,0,1,vowel_sign
හැමෝ,2,4,2,1,127,0,1,vowel_sign
හැමෝට,3,5,2,1,361,0,1,vowel_sign
හැමෝටම,4,6,2,1,694,0,1,long_word
හැමෝම,3,5,2,1,12,0,1,vowel_sign
හැරී,2,4,2,1,694,0,1,vowel_sign
හෑ,1,2,1,1,694,0,1,vowel_sign
හි,1,2,1,1,361,0,1,vowel_sign
හිටගත්තා,5,8,2,1,694,0,1,long_word
හිටියා,3,6,3,1,97,0,1,vowel_sign
හිටියේ,3,6,3,1,694,0,1,vowel_sign
හිතුවා,3,6,3,1,361,0,1,vowel_sign
හිතේ,2,4,2,1,694,0,1,vowel_sign
හින්දා,3,6,2,2,694,0,1,vowel_sign
හිනැහෙනවා,5,9,4,1,694,0,1,long_word
හිමි,2,4,2,1,694,0,1,vowel_sign
හිමිකම්,4,7,2,1,694,0,1,long_word
හිමිදිරි,4,8,4,1,232,0,1,long_word
හී,1,2,1,1,694,0,1,vowel_sign
හීන්සැරය,5,8,2,2,232,0,1,long_word
හීනියි,3,6,3,1,694,0,1,vowel_sign
හු,1,2,1,1,694,0,1,unfamiliar
හුරු,2,4,2,1,361,0,1,unfamiliar
හුරුව,3,5,2,1,694,0,1,unfamiliar
හුරුවීමේ,4,8,4,1,694,0,1,long_word
හුවමාරු,4,7,3,1,694,0,1,long_word
හූ,1,2,1,1,694,0,1,unfamiliar
හෙ,1,2,1,1,694,0,1,vowel_sign
හෙට,2,3,1,1,361,0,1,vowel_sign
හෙමින්,3,6,2,1,127,0,1,vowel_sign
හේ,1,2,1,1,694,0,1,vowel_sign
හේවාවිතාන,5,9,4,1,361,0,1,long_word
හො,1,2,1,1,127,0,1,vowel_sign
හොටක්,3,5,1,1,694,0,1,vowel_sign
හොඳ,2,3,1,1,74,1,1,vowel_sign
හොඳට,3,4,1,1,172,1,1,vowel_sign
හොඳයි,3,5,2,1,361,1,1,vowel_sign
හොයා,2,4,2,1,694,0,1,vowel_sign
හොර,2,3,1,1,694,0,1,vowel_sign
හොරා,2,4,2,1,127,0,1,vowel_sign
හෝ,1,2,1,1,97,0,1,vowel_sign
හෝමාගම,4,6,2,1,694,0,1,long_word
හෝව,2,3,1,1,694,0,1,vowel_sign
ළ,1,1,0,1,361,0,1,unfamiliar
ළං,1,2,0,1,694,0,1,unfamiliar
ළඟ,2,2,0,1,97,1,1,consonant_confusion
ළඟට,3,3,0,1,232,1,1,consonant_confusion
ළඟයි,3,4,1,1,361,1,1,vowel_sign
ළඟින්,3,5,1,1,694,1,1,vowel_sign
ළපටි,3,4,1,1,361,0,1,vowel_sign
ළමයා,3,4,1,1,361,0,1,unfamiliar
ළමයි,3,4,1,1,10,0,1,vowel_sign
ළමයින්,4,6,1,1,172,0,1,long_word
ළමයින්ට,5,7,1,2,361,0,1,long_word
ළමයෙක්,4,6,1,1,694,0,1,long_word
ළමා,2,3,1,1,127,0,0,none
ළ්,1,2,0,1,694,0,1,unfamiliar
ළා,1,2,1,1,694,0,1,unfamiliar
ළැ,1,2,1,1,694,0,1,vowel_sign
ළෑ,1,2,1,1,694,0,1,vowel_sign
ළි,1,2,1,1,694,0,1,vowel_sign
ළිඳ,2,3,1,1,694,1,1,vowel_sign
ළී,1,2,1,1,694,0,1,vowel_sign
ළු,1,2,1,1,361,0,1,unfamiliar
ළුෑ,1,3,2,1,694,0,1,vowel_sign
ළෙ,1,2,1,1,694,0,1,vowel_sign
ළේ,1,2,1,1,694,0,1,vowel_sign
ළො,1,2,1,1,694,0,1,vowel_sign
ළෝ,1,2,1,1,694,0,1,vowel_sign
ෆාරා,2,4,2,1,232,1,1,consonant_confusion
ෆාරාත්,3,6,2,1,694,1,1,unfamiliar
ුරුලු,2,5,3,1,694,0,1,unfamiliar
ෙ,0,1,1,0,694,0,1,vowel_sign
